-- MariaDB dump 10.19  Distrib 10.6.4-MariaDB, for Win64 (AMD64)
--
-- Host: localhost    Database: airport
-- ------------------------------------------------------
-- Server version	10.6.4-MariaDB

/*!40101 SET @OLD_CHARACTER_SET_CLIENT=@@CHARACTER_SET_CLIENT */;
/*!40101 SET @OLD_CHARACTER_SET_RESULTS=@@CHARACTER_SET_RESULTS */;
/*!40101 SET @OLD_COLLATION_CONNECTION=@@COLLATION_CONNECTION */;
/*!40101 SET NAMES utf8mb4 */;
/*!40103 SET @OLD_TIME_ZONE=@@TIME_ZONE */;
/*!40103 SET TIME_ZONE='+00:00' */;
/*!40014 SET @OLD_UNIQUE_CHECKS=@@UNIQUE_CHECKS, UNIQUE_CHECKS=0 */;
/*!40014 SET @OLD_FOREIGN_KEY_CHECKS=@@FOREIGN_KEY_CHECKS, FOREIGN_KEY_CHECKS=0 */;
/*!40101 SET @OLD_SQL_MODE=@@SQL_MODE, SQL_MODE='NO_AUTO_VALUE_ON_ZERO' */;
/*!40111 SET @OLD_SQL_NOTES=@@SQL_NOTES, SQL_NOTES=0 */;

--
-- Table structure for table `airline`
--

DROP TABLE IF EXISTS `airline`;
/*!40101 SET @saved_cs_client     = @@character_set_client */;
/*!40101 SET character_set_client = utf8 */;
CREATE TABLE `airline` (
  `airline_id` int(11) NOT NULL,
  `airline_name` varchar(26) NOT NULL,
  PRIMARY KEY (`airline_id`)
) ENGINE=InnoDB DEFAULT CHARSET=latin1;
/*!40101 SET character_set_client = @saved_cs_client */;

--
-- Dumping data for table `airline`
--

LOCK TABLES `airline` WRITE;
/*!40000 ALTER TABLE `airline` DISABLE KEYS */;
INSERT INTO `airline` VALUES (6,'MALINDO AIRLINES'),(14,'Batik Air'),(21,'Jetstar Asia Airways'),(23,'Turkish Airlines'),(57,'China Airlines'),(71,'Singapore Airlines'),(82,'Garuda Indonesia Domestik'),(86,'Fly Scoot Tiger'),(98,'China Eastern'),(104,'THAI LION AIR'),(105,'Xiamen Airline'),(112,'Lion Air'),(114,'Qantas Airways'),(120,'China Southern'),(124,'Air Asia'),(125,'Flynas'),(146,'Cathay Pacific Airways'),(155,'Oman Airlines'),(160,'KLM Royal Dutch'),(176,'Qatar Airways'),(186,'Eva Air'),(190,'Asiana Airlines'),(239,'Ethiopian Airlines'),(258,'Citilink Indonesia'),(260,'Vietnam Airlines'),(297,'Korean Airlines'),(465,'Air Asia Indonesia Extra'),(514,'Air Asia Indonesia'),(551,'Sriwijaya Air'),(572,'Etihad Airways'),(607,'Sri Lankan Airlines'),(615,'Thai Airways'),(623,'Japan Airlines'),(636,'All Nippon'),(643,'Emirates'),(657,'Air China'),(675,'Citilink'),(695,'TRANSNUSA'),(733,'Philippine Airlines'),(745,'Airfast Indonesia'),(760,'Air Asia Philipiness'),(781,'Malaysian Airlines'),(936,'NAM AIR'),(960,'Royal Brunei Airlines'),(996,'Cebu Pacific'),(999,'Batik Air International');
/*!40000 ALTER TABLE `airline` ENABLE KEYS */;
UNLOCK TABLES;

--
-- Table structure for table `airplane`
--

DROP TABLE IF EXISTS `airplane`;
/*!40101 SET @saved_cs_client     = @@character_set_client */;
/*!40101 SET character_set_client = utf8 */;
CREATE TABLE `airplane` (
  `reg_no` int(11) NOT NULL,
  `model_no` int(11) NOT NULL,
  `airline_id` int(11) NOT NULL,
  PRIMARY KEY (`reg_no`,`model_no`,`airline_id`),
  KEY `fk airline_id Plane` (`airline_id`),
  KEY `fk model_no Plane` (`model_no`),
  CONSTRAINT `fk airline_id Plane` FOREIGN KEY (`airline_id`) REFERENCES `airline` (`airline_id`) ON DELETE CASCADE,
  CONSTRAINT `fk model_no Plane` FOREIGN KEY (`model_no`) REFERENCES `model` (`model_no`) ON DELETE CASCADE
) ENGINE=InnoDB DEFAULT CHARSET=latin1;
/*!40101 SET character_set_client = @saved_cs_client */;

--
-- Dumping data for table `airplane`
--

LOCK TABLES `airplane` WRITE;
/*!40000 ALTER TABLE `airplane` DISABLE KEYS */;
INSERT INTO `airplane` VALUES (101,67,643),(102,38,760),(103,48,636),(104,34,82),(105,42,176),(106,30,745),(107,4,465),(108,60,82),(109,41,21),(110,35,657),(111,40,160),(112,75,551),(113,23,733),(114,28,125),(115,31,607),(116,42,936),(117,1,760),(118,58,104),(119,51,86),(120,56,124),(121,40,572),(122,53,514),(123,73,999),(124,55,996),(125,16,996),(126,77,260),(127,37,186),(128,29,105),(129,72,465),(130,51,551),(131,45,675),(132,16,98),(133,48,781),(134,12,636),(135,12,239),(136,16,745),(137,55,239),(138,16,781),(139,30,6),(140,23,112),(141,49,86),(142,45,258),(143,5,21),(144,59,14),(145,7,657),(146,53,745),(147,32,623),(148,42,636),(149,24,6),(150,71,936),(151,71,695),(152,59,71),(153,40,465),(154,4,124),(155,72,114),(156,42,297),(157,29,23),(158,16,572),(159,47,176),(160,36,657),(161,44,124),(162,24,675),(163,34,155),(164,59,57),(165,43,104),(166,65,999),(167,6,14),(168,37,615),(169,26,607),(170,31,733),(171,50,960),(172,67,258),(173,12,23),(174,46,160),(175,41,125),(176,63,514),(177,3,146),(178,57,760),(179,21,260),(180,14,105),(181,59,615),(182,30,643),(183,76,186),(184,71,120),(185,76,695),(186,15,623),(187,25,297),(188,19,112),(189,20,190),(190,39,146),(191,6,114),(192,53,190),(193,9,98),(194,23,57),(195,20,155),(196,56,120),(197,48,71),(198,73,960),(199,41,514);
/*!40000 ALTER TABLE `airplane` ENABLE KEYS */;
UNLOCK TABLES;

--
-- Table structure for table `airplaneissues`
--

DROP TABLE IF EXISTS `airplaneissues`;
/*!40101 SET @saved_cs_client     = @@character_set_client */;
/*!40101 SET character_set_client = utf8 */;
CREATE TABLE `airplaneissues` (
  `reg_no` int(11) NOT NULL,
  `date` date NOT NULL,
  `type` varchar(37) NOT NULL,
  `description` varchar(127) NOT NULL,
  `date_resolved` date NOT NULL,
  PRIMARY KEY (`reg_no`)
) ENGINE=InnoDB DEFAULT CHARSET=latin1;
/*!40101 SET character_set_client = @saved_cs_client */;

--
-- Dumping data for table `airplaneissues`
--

LOCK TABLES `airplaneissues` WRITE;
/*!40000 ALTER TABLE `airplaneissues` DISABLE KEYS */;
INSERT INTO `airplaneissues` VALUES (101,'2021-01-27','Airframe Loads and Flutter','\"Aeroelastic Stability Envelopes For Takeoff, Approach, and/or Landing Configurations\"','2021-02-01'),(102,'2021-03-19','Airframe Structures','\"Composite Structure Design & Construction (Materials, Fabrication Methods)\"','2021-03-24'),(103,'2021-09-01','Electronic Equipments','\"Global Navigation Satellite System (GNSS)-Aided Inertial Reference Systems (IRS) or Attitude Heading Reference Systems (AHRS)\"','2021-09-06'),(104,'2021-07-01','Cabin Safety','\"Composite Fuselage Post-Crash Fire Survivability and Composite Structure in Aircraft Seats\"','2021-07-06'),(105,'2021-09-04','Electrical System','\"Lithium Batteries Non-Rechargeable and Rechargeable\"','2021-09-07'),(106,'2021-09-26','Airframe Loads and Flutter','\"Design Roll Maneuver Requirement for Electronic Flight Controls or Other Non-linear Control Systems\"','2021-10-01'),(107,'2021-05-17','Fuel System','\"Alternative Fuel Tank Structural and Lightning Protection\"','2021-05-22'),(108,'2021-07-11','Electrical System','\"Display of EFB Information on Installed Displays\"','2021-07-14'),(109,'2021-08-26','Electronic Equipments','\"Ground-Based Augmentation System (GBAS)\"','2021-08-29'),(110,'2021-01-03','Electrical System','\"Integrated Modular Avionics (IMA) Systems\"','2021-01-07'),(111,'2021-05-27','Cabin Safety','\"Overhead or Under Floor Crew Rest Areas and Side-Facing Seats\"','2021-05-31'),(112,'2021-04-26','Mechanical System','\"Oxygen Distribution System\"','2021-04-30'),(113,'2021-01-25','Software/Airborne Electronic Hardware','\"Artificial Intelligence or Machine Learning\"','2021-01-29'),(114,'2021-01-14','Mechanical System','\"Oxygen Equipment for Airplanes Operating Above 40,000 Feet\"','2021-01-19'),(115,'2021-09-02','Fuel System','\"Electrostatic Charge During Airplane Fueling of Composite Fuel Tanks\"','2021-09-06'),(116,'2021-03-15','Airframe Structures','\"Qualification of a Structural Health Monitoring (SHM) System for Detection of Damage in Structure\"','2021-03-20'),(117,'2021-04-04','Airframe Loads and Flutter','\"Unconventional Landing Gear Arrangements\"','2021-04-08'),(118,'2021-04-10','Propulsion','\"Airborne Vibration Monitoring (AVM) System\"','2021-04-14'),(119,'2021-02-20','Electronic Equipments','\"Using Autopilot/Auto Throttles/Flight Director During Traffic Alert and Collision Avoidance System (TCAS) Resolution Advisory\"','2021-02-25'),(120,'2021-03-19','Cabin Safety','\"Child Shoulder Harnesses for Seats and Cargo Related Projects\"','2021-03-24'),(121,'2021-04-19','Electrical System','\"Operation Without Normal Electrical Power\"','2021-04-23'),(122,'2021-10-08','Airframe Loads and Flutter','\"Load Condition for Airplanes with an Automatic Braking System\"','2021-10-12'),(123,'2021-03-03','Fuel System','\"Fuel Shutoff Valves and Fuel System/Cockpit Interface Safety Analysis\"','2021-03-08'),(124,'2021-10-02','Electrical System','\"Unique Flight Deck Failure Modes and Effects\"','2021-10-06'),(125,'2021-01-16','Mechanical System','\"High Altitude Decompression\"','2021-01-19'),(126,'2021-07-11','Mechanical System','\"Acceptable Low Temperature Physiological Environment During Failure Conditions\"','2021-07-16'),(127,'2021-09-03','Mechanical System','\"Cabin Pressurization - High Elevation Airports\"','2021-09-06'),(128,'2021-09-06','Mechanical System','\"Command Signal Integrity\"','2021-09-10'),(129,'2021-10-17','Flight Control','\"Control System Gust Locks - Limit Operation of Aircraft\"','2021-10-22'),(130,'2021-05-12','Flight Control','\"Electronic Flight Control Systems (EFCS)\"','2021-05-16'),(131,'2021-04-03','Flight Control','\"Flight Control in All Attitudes\"','2021-04-08'),(132,'2021-03-04','Software/Airborne Electronic Hardware','\"Multi-Core Processors\"','2021-03-08'),(133,'2021-09-10','Software/Airborne Electronic Hardware','\"Management of Open Problem Reports\"','2021-09-13'),(134,'2021-10-10','Icing','\"Powerplant Installation Ice Crystal Icing for Amendment 25140\"','2021-10-13'),(135,'2021-10-18','Extended Operations','\"Combined Service Experience and Early Extended Operations (ETOPS) Method (i.e., Combined Method)\"','2021-10-22'),(136,'2021-04-06','Noise','\"Part 36 Noise Requirements for Foreign Certified Aircraft\"','2021-04-10'),(137,'2021-06-06','Other','\"Automatic Takeoff Thrust Compensation System (ATTCS)\"','2021-06-09'),(138,'2021-02-15','Propulsion','\"Potential Engine Damage from Airframe Ice Outside of Icing Conditions\"','2021-02-18'),(139,'2021-07-20','Propulsion','\"Inflight All-Engine Restart\"','2021-07-25'),(140,'2021-07-06','Propulsion','\"Flight Critical Thrust Reverser\"','2021-07-10'),(141,'2021-09-04','Propulsion','\"Engine Fire Detectors in Tailpipe\"','2021-09-09'),(142,'2021-10-16','Security','\"Aircraft Electronic System Physical/Electronic Security Protection\"','2021-10-20'),(143,'2021-01-16','Security','\"Aircraft Electronic System Security Isolation or Protection from Internal Access\"','2021-01-19'),(144,'2021-10-18','Security','\"In-Flight Access to Class B or Class C Cargo Compartments\"','2021-10-22');
/*!40000 ALTER TABLE `airplaneissues` ENABLE KEYS */;
UNLOCK TABLES;

--
-- Table structure for table `customer`
--

DROP TABLE IF EXISTS `customer`;
/*!40101 SET @saved_cs_client     = @@character_set_client */;
/*!40101 SET character_set_client = utf8 */;
CREATE TABLE `customer` (
  `id_card_number` varchar(11) NOT NULL,
  `first_name` varchar(11) NOT NULL,
  `last_name` varchar(10) NOT NULL,
  `date_of_birth` date NOT NULL,
  `age` int(11) NOT NULL,
  `street` varchar(26) NOT NULL,
  `city` varchar(20) NOT NULL,
  `province` varchar(18) NOT NULL,
  `country` varchar(18) NOT NULL,
  `phone_number` varchar(12) NOT NULL,
  PRIMARY KEY (`id_card_number`)
) ENGINE=InnoDB DEFAULT CHARSET=latin1;
/*!40101 SET character_set_client = @saved_cs_client */;

--
-- Dumping data for table `customer`
--

LOCK TABLES `customer` WRITE;
/*!40000 ALTER TABLE `customer` DISABLE KEYS */;
INSERT INTO `customer` VALUES ('100-73-0876','Alexander','Oscar','2000-06-11',21,'36954 Shoshone Court','Almalagues','Punjab','Portugal','206 185 9267'),('103-03-1317','Johannes','Jack','1991-11-04',30,'901 Weeping Birch Junction','Pulo','Cataluna','Philippines','545 110 8212'),('113-72-1542','William','Noah','1981-10-26',40,'3123 Manitowish Terrace','Siso','Chongqing','Indonesia','285 238 6393'),('114-06-2255','Tim','Malte','1967-03-18',54,'93903 Waywood Way','Niujiang','Dazhou','China','755 438 6540'),('123-63-5299','Emilia','Elvira','2008-03-27',13,'5 Hazelcrest Alley','Qarqania','Guangdong','Syria','165 276 3085'),('129-17-4337','Frida','Clara','2004-11-08',17,'50931 Larry Place','Tambilil','Guangdong','Philippines','281 938 2803'),('144-57-4714','Olivia','Nora','1992-07-30',29,'8 Summit Road','San Ramon','Svealand','Uruguay','340 204 0483'),('150-32-5967','Felix','Sam','2018-08-03',3,'5612 Eggendart Pass','Podolsk','Lisboa','Russia','108 902 7336'),('164-13-5902','Matilda','Ella','1952-07-11',69,'7 Mitchell Alley','Yurimaguas','Virginia','Peru','387 233 4187'),('167-49-1212','Cornelia','Elise','2010-06-13',11,'3 Petterle Alley','Tengqiao','Lubu','China','700 561 1948'),('171-17-8658','Elin','Astrid','2007-12-01',13,'6 Portage Terrace','Stockholm','Maharashtra','Sweden','656 365 0764'),('177-99-3518','Isak','Nils','2000-09-15',21,'602 Claremont Trail','Kapasan','Jawa Timur','Indonesia','478 533 5547'),('192-72-1816','Wilma','Wilma','2007-04-02',14,'33 Springs Point','Xiliu','Chongqing','China','505 968 7780'),('193-07-9993','Sebastian','Filip','2014-07-12',7,'82 Spohn Pass','Clearwater','Auvergne','United States','650 541 5838'),('196-81-4970','Emil','Oliver','2007-02-20',14,'93 Canary Park','Sinacaban','Guangdong','Philippines','840 319 7949'),('200-66-9188','Carl','Vincent','2000-06-19',21,'94970 Clemons Parkway','Xiayunling','Jonkoping','China','744 600 9739'),('214-64-3183','Therese','Liv','1997-03-28',24,'04205 Welch Place','Okhtyrka','Maharashtra','Ukraine','825 265 3857'),('220-27-3648','Alva','Emilia','2014-09-25',7,'4 Eggendart Junction','Sanxiang','Massachusetts','China','341 349 1294'),('226-73-7280','Hugo','Leon','1945-02-13',76,'00889 Texas Road','Chaos','Maharashtra','Portugal','756 242 3542'),('236-82-4543','Simon','Matteo','1957-03-31',64,'5 Lakewood Gardens Hill','Oslo','Guangdong','Norway','808 235 6223'),('247-03-8650','Julia','Olivia','1954-03-24',67,'374 Quincy Court','Abomey','Uttar Pradesh','Benin','535 464 7653'),('253-25-7587','Ludvig','Charlie','1971-12-27',49,'2919 Florence Road','Oyskhara','Region Hovedstaden','Russia','684 442 8488'),('266-09-9643','Edvin','Josef','2016-03-30',5,'46 Westport Lane','Kaputian','Metro Manilla','Philippines','841 420 4937'),('309-70-4398','Christoffer','Edvin','1974-11-16',46,'53 Dunning Court','Los Santos','Porto','Panama','385 247 2969'),('336-05-6690','Rebecka','Alicia','1987-08-26',34,'0959 Algoma Lane','Orito','Hesse','Colombia','988 586 8002'),('345-12-2910','Filip','Lucas','1968-09-29',53,'20350 West Trail','Rouen','Guangdong','France','609 637 4489'),('348-35-3355','David','Theodor','2020-10-11',1,'44441 Pennsylvania Court','Yelkino','Setubal','Russia','376 698 2031'),('348-59-9144','Ellen','Isabelle','1961-03-13',60,'7102 Reinke Road','Reading','Lorraine','United States','985 104 7906'),('348-93-3420','Joel','August','2006-11-29',14,'42475 Oriole Court','Linfen','Dazhou','China','267 418 6877'),('391-35-4733','Tobias','Vidar','1956-06-23',65,'81368 Hovde Parkway','Dalnerechensk','Jonkoping','Russia','720 388 5393'),('392-48-7714','Nathalie','Ines','1986-04-13',35,'733 Pepper Wood Point','San Antonio','Gavleborg','Argentina','555 501 9825'),('397-75-6369','Felicia','Freja','1975-03-20',46,'7180 Eagle Crest Road','Port Said','Istanbul','Egypt','383 872 1863'),('399-37-1095','Johan','Loui','2017-11-15',3,'4482 Marquette Center','Arraga','Quebec','Argentina','801 710 8473'),('399-73-1002','Gustav','Alfred','1975-01-24',46,'177 Dwight Point','Tyoply Stan','Leningrad','Russia','457 362 6195'),('400-99-8684','Maja','Stella','1994-10-10',27,'5 Fordem Court','Boketu','Hebei','China','793 914 5559'),('420-80-0359','Max','Isak','1950-08-17',71,'12 Bashford Pass','Zoumaling','Dazhou','China','951 660 7718'),('429-59-8258','Pontus','Olle','1967-03-25',54,'33484 Logan Avenue','Taroudant','Svealand','Morocco','181 966 6694'),('431-09-9693','Moa','Alma','1952-05-23',69,'52351 Wayridge Drive','Tokyo','Svealand','Japan','310 493 5843'),('431-72-6090','Mikaela','Mila','2009-02-12',12,'57 Scoville Court','Tuapse','Svealand','Russia','548 578 6411'),('441-95-6395','Evelina','Lova','1957-08-08',64,'67 Express Park','Tidaholm','Uttar Pradesh','Sweden','453 776 2939'),('446-40-5489','Klara','Ester','2019-01-26',2,'55309 Gulseth Crossing','Gubukjero Timuk','Svealand','Indonesia','768 606 9851'),('457-15-9667','Alexandra','Linnea','2020-08-02',1,'012 Northport Trail','Takefu','Punjab','Japan','395 613 6104'),('469-51-2102','Anton','Elias','1969-02-04',52,'7561 Killdeer Hill','Pochuta','Virginia','Guatemala','836 737 0264'),('473-41-1964','Casper','Albin','1955-11-08',66,'06716 Reindahl Park','Granada','Georgia','Philippines','229 863 7286'),('476-63-6851','Hampus','Harry','1977-05-22',44,'0 Hudson Road','Yoichi','Setubal','Japan','709 367 3407'),('477-19-5157','Johanna','Elsa','1975-06-13',46,'07189 Clove Center','Karangampel','Dazhou','Indonesia','889 544 0667'),('490-47-6403','Linda','Sigrid','2011-06-18',10,'043 Norway Maple Drive','Datartua','Virginia','Indonesia','949 487 3967'),('502-14-4025','Lisa','Luna','2016-04-06',5,'0935 Pawling Junction','As Suqaylibiyah','Svealand','Syria','257 403 5639'),('503-46-9886','Linn','Nova','2016-06-20',5,'8467 Barnett Parkway','Huayuan','Hebei','China','631 925 2324'),('507-86-3407','Louise','Sofia','1987-06-10',34,'39305 Sachs Way','Shuitian','Hebei','China','669 542 9518'),('516-50-9881','Jennifer','Hedda','1971-12-14',49,'1 Butterfield Alley','Nanyaojie','Hebei','China','156 799 5306'),('524-08-4285','Daniel','Benjamin','1974-06-25',47,'53235 Sutteridge Point','Nyzhni Sirohozy','Johor','Ukraine','999 488 7313'),('524-65-2605','Amanda','Maja','1984-04-09',37,'1341 Northwestern Way','Donskoye','Guangdong','Russia','411 274 0112'),('527-33-2199','Ebba','Alva','1987-07-31',34,'0757 Stuart Point','Evora','Centre','Portugal','267 605 5469'),('531-48-4855','Jonathan','Leo','2017-10-14',4,'2 Holmberg Court','Votorantim','Quebec','Brazil','269 731 1862'),('532-17-6041','Isabelle','Sara','1990-04-04',31,'9290 Luster Terrace','Carolina','Istanbul','South Africa','777 603 3966'),('535-44-9854','Arvid','Emil','1983-06-26',38,'49836 Glacier Hill Drive','Qiancheng','Dazhou','China','285 902 2902'),('541-92-3168','Adam','Adrian','1988-08-10',33,'914 Lillian Way','Tajikeabati','Pays de la Loire','China','609 555 6177'),('552-23-5840','Oliver','Frans','2005-08-13',16,'947 Mitchell Terrace','Sukodono','Auvergne','Indonesia','470 326 7927'),('554-41-4143','Lucas','Adam','1946-11-29',74,'0 Algoma Parkway','Shenjing','Maharashtra','China','743 379 4386'),('576-52-8973','Martin','Henry','1978-06-17',43,'2 Truax Place','Pleshanovo','Leningrad','Russia','273 299 1048'),('606-34-1385','Robin','Melvin','1980-01-08',41,'95 Spenser Hill','Oeleon','Auvergne','Indonesia','122 392 0837'),('609-72-6219','Jesper','Ebbe','2009-12-13',11,'2 Continental Parkway','Verba','Setubal','Portugal','971 685 8773'),('618-75-6810','Albin','Alexander','1994-01-24',27,'550 Green Ridge Trail','Drybin','Setubal','Belarus','298 863 5914'),('629-65-3903','Victoria','Nellie','2001-08-26',20,'283 Killdeer Park','Daan','Hebei','China','268 171 3690'),('644-20-1237','Lina','Juni','1971-10-28',50,'55 Scofield Drive','Chiriguana','Maharashtra','Colombia','549 871 4040'),('651-32-2737','Fredrik','Frank','2001-04-01',20,'9163 Basil Terrace','Balai','Illinois','Indonesia','269 952 2405'),('670-13-4768','Sofia','Signe','1982-06-25',39,'40 Merrick Avenue','Pinhal Novo','Punjab','Portugal','322 400 3818'),('673-38-7156','Erik','William','1947-08-12',74,'36756 Kennedy Parkway','Borzeta','Massachusetts','Poland','863 164 4941'),('694-99-9822','Sandra','Ellen','1982-10-07',39,'964 Hudson Road','Aqsay','Setubal','Kazakhstan','745 469 4399'),('696-25-6510','Leo','Viggo','1993-05-30',28,'7897 Oneill Parkway','Dachuan','Dazhou','China','509 849 1299'),('708-70-2966','Ida','Lilly','1985-10-15',36,'10 Merrick Point','Xingguo','Nord-Pas-de-Calais','China','935 277 2198'),('721-72-7607','Mattias','Elton','1953-08-22',68,'45 Stephen Park','Campaka','Jawa Barat','Indonesia','991 407 0802'),('724-20-3281','Malin','Leah','2017-07-11',4,'9 Kensington Alley','Nangahale','Svealand','Indonesia','633 216 9438'),('724-93-9062','Elias','Ludvig','1958-07-25',63,'9 Oak Road','Xianlin','Hebei','China','512 573 8306'),('729-83-4432','Rasmus','Elliot','1951-10-07',70,'6871 Boyd Plaza','Clearwater','Guangdong','United States','934 544 0760'),('742-09-3274','Anna','Selma','1979-10-26',42,'78 Scofield Point','Haenam','Istanbul','South Korea','443 941 3925'),('753-75-1307','Jacob','Arvid','2009-10-27',12,'31517 Cordelia Avenue','Sibubuhan','Punjab','Indonesia','807 260 5918'),('760-70-0292','Gabriel','Love','1975-06-17',46,'9325 Karstens Circle','Shkurinskaya','Region Hovedstaden','Russia','197 540 9772'),('763-19-6207','Stina','Lykke','1978-02-06',43,'0 Vera Point','Mairinque','Uttar Pradesh','Brazil','701 855 4549'),('777-26-2977','Samuel','Mohamed','1954-08-18',67,'76694 Old Gate Place','Achadinha','Hesse','Portugal','601 749 4135'),('779-63-3136','Emma','Alice','2016-04-18',5,'08192 Caliangt Pass','Kaiyuan','Stockholm','China','696 696 4564'),('784-48-2684','Alice','Iris','1992-03-02',29,'01064 Lien Way','Carabamba','Hesse','Peru','185 975 9764'),('793-20-1668','Emmy','Edith','1967-06-17',54,'9601 Hazelcrest Pass','Chelyabinsk','California','Russia','831 116 4240'),('812-83-4275','Viktor','Hugo','2020-06-29',1,'66 Burning Wood Trail','San Juan','Maharashtra','Costa Rica','593 371 0446'),('820-39-7883','Oscar','Liam','2020-12-22',0,'52333 Colorado Junction','Tianchang','Punjab','China','455 762 5653'),('820-52-1534','Lovisa','Julia','1946-03-20',75,'3719 Kennedy Pass','Novoanninskiy','New Brunswick','Russia','549 599 7770'),('829-14-3656','Josefine','Ellie','2011-08-18',10,'4 1st Circle','Shingu','Maharashtra','Japan','402 412 1868'),('833-14-9146','Linnea','Ebba','1972-07-15',49,'009 Michigan Pass','Arroyo Salado','Massachusetts','Dominican Republic','865 830 0782'),('842-48-6236','Marcus','Theo','1960-06-10',61,'267 Roxbury Hill','Stockholm','Swaland','Sweden','729 275 1679'),('842-53-2783','Axel','Axel','1967-07-08',54,'52 Reinke Drive','Posadas','Region Hovedstaden','Argentina','522 975 6566'),('853-16-8986','Fanny','Molly','1969-07-13',52,'3614 Hooker Trail','Kuching','Quebec','Malaysia','811 997 5951'),('869-52-8900','Linus','Walter','1993-12-13',27,'3 Cherokee Point','Velke Karlovice','Punjab','Czech Republic','853 523 3025'),('872-93-0387','Ella','Celine','1987-03-09',34,'82 Continental Point','Las Mercedes','Chongqing','Venezuela','654 459 5956'),('876-61-0909','Sara','Agnes','1985-04-28',36,'232 Dovetail Alley','Proteccion','Hesse','Honduras','972 747 3508'),('879-01-6861','Hanna','Vera','2007-08-19',14,'38 Dottie Street','Kobenhavn','Punjab','Denmark','720 479 4514'),('886-15-5413','Carolina','Emma','1954-02-20',67,'584 Mariners Cove Terrace','Ledoy','Santiago','Peru','465 803 4512'),('887-39-9830','Emelie','Saga','2009-03-03',12,'88352 Buena Vista Parkway','Xiaoshanzi','Hebei','China','847 754 2056'),('891-87-5196','Benjamin','Gustav','1955-11-03',66,'87743 Ramsey Way','Cruz de los Milagros','Chaco','Argentina','262 677 0932'),('896-27-1262','Kevin','Gabriel','2007-08-21',14,'866 Dahle Drive','Kaiaf','Istanbul','Gambia','281 690 1981');
/*!40000 ALTER TABLE `customer` ENABLE KEYS */;
UNLOCK TABLES;

--
-- Table structure for table `employee`
--

DROP TABLE IF EXISTS `employee`;
/*!40101 SET @saved_cs_client     = @@character_set_client */;
/*!40101 SET character_set_client = utf8 */;
CREATE TABLE `employee` (
  `SSN` varchar(11) NOT NULL,
  `name` varchar(28) NOT NULL,
  `salary` varchar(9) NOT NULL,
  `date_of_birth` date NOT NULL,
  `type` varchar(16) NOT NULL,
  `street` varchar(33) NOT NULL,
  `city` varchar(17) NOT NULL,
  `province` varchar(18) NOT NULL,
  `country` varchar(9) NOT NULL,
  PRIMARY KEY (`SSN`)
) ENGINE=InnoDB DEFAULT CHARSET=latin1;
/*!40101 SET character_set_client = @saved_cs_client */;

--
-- Dumping data for table `employee`
--

LOCK TABLES `employee` WRITE;
/*!40000 ALTER TABLE `employee` DISABLE KEYS */;
INSERT INTO `employee` VALUES ('105-78-8987','Yosia Hidayatullah','$551.25','1985-09-11','Technician','Jl Kolam 1 Medan Estate','Medan','Sumatera Utara','Indonesia'),('107-17-0353','Syarifah Hermala','$425.51','1998-07-22','Technician','Jl. Perak 12','Banda Aceh','Aceh','Indonesia'),('110-71-7821','Devicka Anindya','$4214.26','1988-04-29','Pilot','Jl Bojong Sari No.17','Bogor','Jawa Barat','Indonesia'),('115-09-5359','Inneke Sastrawan','$591.21','1997-05-19','Technician','Jl. Menur 27','Yogyakarta','Yogyakarta','Indonesia'),('130-24-9061','Mohamad Rinno Monica','$589.87','1986-12-20','Pilot','Jl Pak Gatot IV/95','Bandung','Jawa Barat','Indonesia'),('133-55-5111','Agustin Pawarti','$1,576.09','1992-08-18','Technician','Jl KH Zainul Arifin 35','Jakarta Pusat','DKI Jakarta','Indonesia'),('136-32-6368','Abdul Ningsih','$1,041.01','1995-12-25','Technician','Jl Angkasa No.18','Jakarta Pusat','DKI Jakarta','Indonesia'),('139-42-0774','Khaznan Balqis','$857.98','2000-01-22','Technician','Jl Pulau Kemarau','Palembang','Sumatera Selatan','Indonesia'),('139-58-9910','Bryan Fadillah','$1,257.08','1986-04-02','Technician','Jl Cendrawasih 240-C','Makassar','Sulawesi Selatan','Indonesia'),('142-88-2104','Mario Nopilianti','$3487.62','1998-10-08','Flight Attendant','Jl. Imam Bonjol 74','Jakarta Pusat','DKI Jakarta','Indonesia'),('146-78-3306','Ismail Septian','$1,581.38','1991-06-09','Technician','Jl Arif Rahman Hakim','Padang','Sumatera Barat','Indonesia'),('149-93-9703','Amar Resa','$4065.60','1985-06-22','Pilot','Jl Perniagaan Raya No.71','Jakarta Barat','DKI Jakarta','Indonesia'),('150-09-8632','Tifany Wiwied Febriyani','$928.73','1987-05-14','Technician','Jl Lombok No.7','Denpasar','Bali','Indonesia'),('150-37-8765','Revo Julian Oktafiyanti','$1349.42','1987-11-25','Technician','Jl. Tolitoli','Donggala','Sulawesi Tengah','Indonesia'),('154-64-2997','Bintang Aswati','$1,925.67','1987-07-31','Technician','Jl. KH. Wahid Hasyim Blk. C No.89','Jakarta Pusat','DKI Jakarta','Indonesia'),('161-66-6238','Aprian Aulia','$3917.06','1999-06-13','Flight Attendant','Jl. Brigjen Sudiarto No.375','Semarang','Jawa Tengah','Indonesia'),('168-40-1488','Syarief Hermawaty','$5773.82','1986-11-25','Pilot','Jl Wadas Raya No.6','Bekasi','Jawa Barat','Indonesia'),('169-50-5786','Marvel Pramantha','$4600.29','1996-05-27','Pilot','Jl. Cambai Agung III','Palembang','Sumatera Selatan','Indonesia'),('180-30-3849','Khaznan Rabani','$1,111.96','1991-06-15','Technician','Jl Jend Sudirman Kav 10-11','Jakarta Pusat','DKI Jakarta','Indonesia'),('196-08-5313','Anas Juliyanti','$1,579.12','1990-08-02','Technician','Jl. Gubernur Budiono No.9','Semarang','Jawa Tengah','Indonesia'),('198-22-3207','Romario Husnah','$876.57','1990-08-27','Pilot','Jl HM Joni 52 A','Medan','Sumatera Utara','Indonesia'),('201-42-9311','Evi Ahmadi','$913.76','1997-07-22','Technician','Jl. Jati No.30','Padang','Sumatera Barat','Indonesia'),('203-42-2241','Yuliana Cahya','$1,831.05','1997-07-21','Technician','Jl Nusabarong 7','Malang','Jawa Timur','Indonesia'),('204-59-1428','Nur Satyawati Fauziah','$1,136.65','1995-11-01','Technician','Jl. Rasuna Said No.1','Tangerang','Banten','Indonesia'),('205-88-2344','Assalia Zahaira','$2994.61','1998-01-17','Flight Attendant','Jl. Indrapura Gg. Lebar No.5','Surabaya','Jawa Timur','Indonesia'),('207-74-1212','Reynaldi Geryance','$1495.55','1989-07-03','Technician','Jl Wijaya I No.6','Jakarta Selatan','DKI Jakarta','Indonesia'),('226-21-1762','Asyrafi Andriawan Farizi','$1,707.00','1991-07-18','Technician','Jl. Pemuda No.4a','Semarang','Jawa Tengah','Indonesia'),('229-28-4475','Diniyah Gayatri','$4744.81','1987-04-11','Pilot','Jl Jend Sudirman 80114','Denpasar','Bali','Indonesia'),('230-07-7937','Syahdian Zahaira','$4782.14','2000-04-27','Pilot','Jl. Cemara Salju 31','Pekanbaru','Riau','Indonesia'),('230-68-1442','Nita Aimee Riyadie','$6717.08','1997-05-27','Pilot','Jl. Trunojoyo','Bangkalan','Jawa Timur','Indonesia'),('231-13-2836','Imam Loren','$517.23','1992-07-05','Pilot','JL. Mangga Dua Raya','Jakarta Pusat','DKI Jakarta','Indonesia'),('233-72-4244','Hilman Ramadhansyah','$4901.56','1993-06-28','Pilot','Jl Matraman Raya 72','Jakarta Timur','DKI Jakarta','Indonesia'),('236-95-7160','Allen Saury','$1088.83','1998-06-06','Technician','Jl. Labu No.121','Jakarta Barat','DKI Jakarta','Indonesia'),('238-02-1709','Alika Ardief','$572.69','1985-01-01','Technician','Jl Otto Iskandardinata 130','Bandung','Jawa Barat','Indonesia'),('242-48-3622','Gishella Dayanti','$835.85','1999-07-01','Pilot','Jl. Ujung Batee l','Banda Aceh','Aceh','Indonesia'),('244-35-3747','Yuliana Hartanto','$1,992.05','1986-08-10','Technician','Jl. Argolubang','Yogyakarta','Yogyakarta','Indonesia'),('245-68-3984','Achmad Indra Hidayati','$4418.78','1993-03-05','Pilot','Jl. Urip Sumoharjo No.77b','Yogyakarta','Yogyakarta','Indonesia'),('246-29-4018','Aristyo Chaerunnisa','$237.67','2000-03-04','Flight Attendant','JL.Pentaran No.9 Proklamasi','Jakarta Utara','DKI Jakarta','Indonesia'),('246-40-0835','Aldo Sulistyaningra','$3976.04','1996-01-14','Flight Attendant','Jl Harlan Raya 9','Jakarta Pusat','DKI Jakarta','Indonesia'),('268-63-8026','Kathy Aspi','$1560.13','1985-02-17','Technician','Jl. Argolubang No.17','Yogyakarta','Yogyakarta','Indonesia'),('271-90-2552','Tiari Suheryanto','$7261.05','1989-06-22','Pilot','Jl. Sinabung 2','Jakarta Selatan','DKI Jakarta','Indonesia'),('276-33-7298','Indi Nurhazrati','$439.15','1996-08-24','Technician','Jl Bujana Tirta I','Jakarta Timur','DKI Jakarta','Indonesia'),('277-76-3956','Ridhwan Yuliasti','$7589.65','1985-05-07','Pilot','Jl. Mayjen Sungkono No.89','Surabaya','Jawa Timur','Indonesia'),('280-16-7330','Jeremiah Varensia','$6888.90','1997-08-11','Pilot','Jl. Jati No.19','Padang','Sumatera Barat','Indonesia'),('281-88-8458','Christalline Fhadriani','$1676.67','1995-06-09','Technician','Jl Citarum Utara No.4','Semarang','Jawa Tengah','Indonesia'),('282-95-5679','Ario Octavia','$1,521.72','2000-06-03','Technician','Jl. Dewi Sartika No.15','Tangerang Selatan','Banten','Indonesia'),('284-04-0737','Arrivalda Herdani','$4170.43','1996-06-16','Pilot','Jl. Beningsari','Palembang','Sumatera Selatan','Indonesia'),('284-35-0561','Rheza Munikasari','$2692.13','1999-03-03','Flight Attendant','Jl. Soekarno - Hatta','Pekanbaru','Riau','Indonesia'),('289-19-5287','Mohammad Ryan Willyanda','$3320.33','1987-08-15','Flight Attendant','Jl. Cambai Agung V 10','Palembang','Sumatera Selatan','Indonesia'),('291-50-4787','Kevin Noverlia','$7926.66','1994-05-15','Pilot','Jl. DR. Setiabudi Indah','Bandung','Jawa Barat','Indonesia'),('295-34-2106','Citra Isnandri','$4547.88','1991-03-11','Pilot','Jl Borneo 3 Tanjung Mas','Semarang','Jawa Tengah','Indonesia'),('296-27-9615','Fahlian Oktavianty','$1,534.31','1997-06-12','Technician','Jl. Sinabung 5','Jakarta Selatan','DKI Jakarta','Indonesia'),('301-02-0835','Chaerul Nustantomo','$1,905.45','1986-05-16','Technician','Jl. Kupang Indah Ix / 24-C','Surabaya','Jawa Timur','Indonesia'),('307-25-2845','Haris Susanto','$4736.60','1989-04-26','Pilot','Jl Angkasa Raya No.1','Jakarta Pusat','DKI Jakarta','Indonesia'),('308-15-3731','Radhina Fiora','$1,817.54','1987-10-23','Technician','Jl Bangunan Timur 14','Jakarta Timur','DKI Jakarta','Indonesia'),('308-30-4502','Aprilita Falah','$815.89','1994-07-19','Pilot','Jl. Sebelas April No.24','Sumedang','Jawa Barat','Indonesia'),('309-45-4839','Romario Wahyu Arifah','$5712.55','1987-02-03','Pilot','Jl. Serma Muchtar No.103','Sumedang','Jawa Barat','Indonesia'),('316-14-7014','Selvy Pondaag','$3162.68','1992-12-23','Flight Attendant','Jl Pleburan VI 9 B','Semarang','Jawa Tengah','Indonesia'),('317-28-6952','Aprian Rabani','$4189.24','1996-06-17','Pilot','Jl Bendungan Hilir Kav 36','Jakarta Pusat','DKI Jakarta','Indonesia'),('322-71-3677','Nelly Ersyahputra','$1329.06','1997-12-03','Technician','Jl Mangga 3','Jakarta Barat','DKI Jakarta','Indonesia'),('327-79-4189','Devito Destrya','$2825.75','1999-08-22','Flight Attendant','Jl Budi Kemuliaan 16','Jakarta Pusat','DKI Jakarta','Indonesia'),('330-19-9972','Shiami Aryanti','$169.57','1987-02-09','Technician','JL Otista Raya No.36','Tangerang','Banten','Indonesia'),('338-35-6097','Renita Ainina','$6933.76','1989-05-04','Pilot','Jl Dr Wahidin Sudirohusodo 36','Makassar','Sulawesi Selatan','Indonesia'),('350-55-3085','Chitra Fachrully','$7631.01','1987-03-22','Pilot','Jl. Komando Raya','Jakarta Selatan','DKI Jakarta','Indonesia'),('357-17-7486','Timothy Shabrina','$2909.95','1995-08-21','Flight Attendant','JL. A.Yani I No. 43-B','Samarinda','Kalimantan Timur','Indonesia'),('366-69-8224','Yuda Nisrina','$1379.13','1985-07-13','Technician','Jl. Kusumanegara No.7','Yogyakarta','Yogyakarta','Indonesia'),('367-76-3213','Tessa Hasan','$1448.17','1987-01-18','Technician','Jl. Teluk Bayur 3 Blok B7 No.12','Jakarta Timur','DKI Jakarta','Indonesia'),('371-76-4231','Firdaus Oktazilvia','$3046.32','1990-05-24','Flight Attendant','Jl Bukit Gading Raya','Jakarta Utara','DKI Jakarta','Indonesia'),('372-66-7229','Aldo Anwar','$1,925.24','1990-10-09','Technician','Jl. Soka No.13','Yogyakarta','Yogyakarta','Indonesia'),('378-33-2757','Aswin Apriando','$2960.98','1997-03-21','Flight Attendant','Jl. Teuku Umar No.186','Denpasar','Bali','Indonesia'),('382-66-9302','Ghina Wira','$632.37','1991-03-14','Technician','Jl Ngagel Tirtosari 19','Surabaya','Jawa Timur','Indonesia'),('399-94-8469','Ries Rooswati','$545.02','1995-07-29','Technician','Jl Letjen MT Haryono 48','Banjarmasin','Kalimantan Selatan','Indonesia'),('400-19-4351','Vina Septian','$1,607.66','1992-11-17','Technician','Jl Raya Mastrip Kebraon 118','Surabaya','Jawa Timur','Indonesia'),('405-88-3475','Bony Farishy','$4709.66','1994-09-05','Pilot','Jl. Martimbang V No.27','Jakarta Selatan','DKI Jakarta','Indonesia'),('406-30-5836','Yosafat Narendra','$365.19','1987-04-01','Flight Attendant','Jl. Kapuran 5-9','Depok','Jawa Barat','Indonesia'),('410-67-0638','Beckley Mustika','$809.45','1996-10-26','Technician','Jl. Tunjung Baru','Yogyakarta','Yogyakarta','Indonesia'),('413-04-9192','Nael Azzahra','$1,219.35','2000-03-27','Technician','Jl. Pahlawan Seribu','Tangerang','Banten','Indonesia'),('418-25-9462','Kevin Setyawati','$3515.14','1987-02-18','Flight Attendant','Jl Daan Mogot Rd No.7','Jakarta Barat','DKI Jakarta','Indonesia'),('421-19-5404','Angel Anjani','$1,127.41','1996-02-21','Technician','Jl. Cemara Gading 39','Pekanbaru','Riau','Indonesia'),('433-73-8089','Edy Achmad Widyaningtias','$1,919.41','1989-12-06','Technician','Gg Pakis Haji 3','Denpasar','Bali','Indonesia'),('435-15-1503','Hizkia Monica','$241.75','1999-09-05','Flight Attendant','Jl. Abdul Rahman Saleh No.221','Bandung','Jawa Barat','Indonesia'),('436-05-7207','Sugraha Rumanti','$7948.60','1993-04-15','Pilot','Jl. Residen Danubroto','Banda Aceh','Aceh','Indonesia'),('436-57-9422','Fahdnul Krishti','$677.99','1995-03-19','Technician','Jl. M. Yamin','Padang','Sumatera Barat','Indonesia'),('452-10-5994','Aditya Atsila','$2502.99','1992-05-17','Flight Attendant','Jl. Tunjung','Yogyakarta','Yogyakarta','Indonesia'),('455-13-9997','Alditio Primanelza','$7203.64','1987-10-28','Pilot','Jl Sumatera 4','Denpasar','Bali','Indonesia'),('456-17-5349','Jeremy Alvianingrum','$360.49','1997-12-09','Flight Attendant','Jl Kom L Yos Sudarso Kav 88','Jakarta Utara','DKI Jakarta','Indonesia'),('466-97-3594','Ni Ghifary','$7302.37','1990-07-29','Pilot','Jl. Sisingamangaraja 71','Jakarta Selatan','DKI Jakarta','Indonesia'),('471-92-4974','Ilyas Chairunisa','$1,696.38','1992-02-16','Technician','Jl. Padang','Padang','Sumatera Barat','Indonesia'),('474-53-9009','Ray Anantarqi','$6792.45','1986-11-01','Pilot','Jl Jend Gatot Subroto 150 F/G','Medan','Sumatera Utara','Indonesia'),('480-71-4811','Mubarak Ardina','$5142.56','1991-01-02','Pilot','Jl Pasar Kembang 87','Surabaya','Jawa Timur','Indonesia'),('483-38-5377','Bob Riahdita','$746.98','1985-12-16','Technician','Jl. Trunojoyo No.14','Bangkalan','Jawa Timur','Indonesia'),('496-56-3201','Rangga Fauzunuria','$1067.60','1988-01-05','Technician','Jl Hayam Wuruk No.151','Jakarta Barat','DKI Jakarta','Indonesia'),('500-47-1294','Ismi Febrianto','$2192.25','1993-11-18','Flight Attendant','Jl Palmerah Barat 141','Jakarta Barat','DKI Jakarta','Indonesia'),('502-97-6328','Nabilah Kartikasari','$6620.70','1986-03-21','Pilot','Jl. Mayjen Sungkono No.237','Surabaya','Jawa Timur','Indonesia'),('506-14-1487','Fajri Priyanni','$1,781.31','1990-06-30','Technician','Jl Belanak 1','Padang','Sumatera Barat','Indonesia'),('507-31-4402','Rianita Setiarini','$5685.77','1997-04-01','Pilot','Jl. Jati No.4','Padang','Sumatera Barat','Indonesia'),('512-50-1194','Indira Mawarni','$2428.77','1986-11-07','Flight Attendant','Jl Pengadegan Timur 18','Jakarta Selatan','DKI Jakarta','Indonesia'),('524-33-1667','Finaldi Ulfania','$1,844.14','2000-09-09','Technician','Jl. Mayjen Sungkono No.36','Surabaya','Jawa Timur','Indonesia'),('526-30-8565','Lady Amsamsyum','$6944.52','2000-07-28','Pilot','Jl Letjen TB Simatupang 57','Jakarta Timur','DKI Jakarta','Indonesia'),('535-71-5350','Ruthcharuni Manar','$1,595.10','1986-05-16','Technician','Jl. Pluit Selatan Raya No.1','Jakarta utara','DKI Jakarta','Indonesia'),('536-57-8719','Vito Azrul Amalia','$6945.40','1997-10-10','Pilot','JL Patih Derus No.11','Lebak','Banten','Indonesia'),('547-49-9426','Firdaus Jhon Purwahyuningrum','$6287.27','1998-05-05','Pilot','Jl. Trunojoyo No.3','Bangkalan','Jawa Timur','Indonesia'),('550-09-8573','Ario Sayoga','$862.65','1987-09-25','Pilot','Jl. Pakis No.21','Pekanbaru','Riau','Indonesia'),('554-91-6965','Syahdian Al-fathan','$7941.65','1994-03-21','Pilot','Jl. Teladan 7 No.26','Tangerang','Banten','Indonesia'),('559-92-6330','Defara Saputri','$7967.41','1992-11-24','Pilot','Jl Duyung I/13','Denpasar','Bali','Indonesia'),('570-88-7157','Fakhrul Ciptasari','$1,720.18','1992-05-08','Technician','Jl. Abdul Rahman Saleh No.148','Bandung','Jawa Barat','Indonesia'),('572-29-7984','Nauval Mustikawati','$1765.75','1997-12-25','Technician','Jl Pahlawan Revolusi No.27','Jakarta Timur','DKI Jakarta','Indonesia'),('574-93-7594','Vinny Wildani','$1,413.13','1986-03-12','Technician','Jl. Danau Tamblingan No.22','Denpasar','Bali','Indonesia'),('602-76-2469','Alditio Hizrian Adha','$1,283.85','1990-03-05','Technician','Jl. Raya Palasari No.77','Sumedang','Jawa Barat','Indonesia'),('604-34-0302','Arthur Tantin','$7268.18','1989-07-25','Pilot','Jl Silaberanti 5','Palembang','Sumatera Selatan','Indonesia'),('612-44-9751','Aisyah Disya Willyanda','$1,976.17','1997-05-11','Technician','Jl Wijaya VII 3','Jakarta Selatan','DKI Jakarta','Indonesia'),('622-04-2246','Yenu Delmeizar','$1275.79','1994-12-01','Technician','Jl Ir H Juanda III No.31','Jakarta Pusat','DKI Jakarta','Indonesia'),('623-66-3065','Monica Hidayati','$1141.78','1997-10-30','Technician','Jl. Hang Lekir 2 20-12','Jakarta Selatan','DKI Jakarta','Indonesia'),('624-90-1683','Hasna Tabriiz','$3871.46','1991-11-22','Flight Attendant','JL. Pemuda No. 65','Cirebon','Jawa Barat','Indonesia'),('629-10-9458','Kharisma Ersyahputra','$1,525.63','1988-02-10','Technician','Jl WR Supratman','Denpasar','Bali','Indonesia'),('635-23-4999','Rezky Fachria','$6473.20','1997-04-02','Pilot','Jl. Trans Sulawesi 16','Parigi Moutung','Sulawesi Tengah','Indonesia'),('636-65-6062','Andhicha Prawita','$2026.46','1991-09-27','Flight Attendant','Jl. Arifin Ahmad','Pekanbaru','Riau','Indonesia'),('645-42-7251','Asti Fhadriani','$799.40','1999-07-23','Technician','Jl Arteri No.19','Yogyakarta','Yogyakarta','Indonesia'),('649-05-0363','Diah Julianto','$4213.98','1989-05-04','Pilot','Jl Sultan Agung 9','Bandung','Jawa Barat','Indonesia'),('649-65-4400','Yuda Susanto','$7820.66','1991-04-25','Pilot','Jl Kramat VI 11','Jakarta Pusat','DKI Jakarta','Indonesia'),('652-52-4441','Mochammad Adriarso','$2739.75','1995-06-17','Flight Attendant','Jl MGR Sugiopranoto 50','Semarang','Jawa Tengah','Indonesia'),('662-74-8191','Fauzi Qodir','$5107.47','1995-09-25','Pilot','Jl. Tamansari','Tasikmalaya','Jawa Barat','Indonesia'),('684-09-6471','Adelia Yusdwindra','$975.08','1985-02-09','Pilot','Jl. Sultan Agung No.101','Semarang','Jawa Tengah','Indonesia'),('690-49-9455','Elza Shabrina','$907.37','1987-10-22','Technician','JL Jakarta No. 36','Malang','Jawa Timur','Indonesia'),('694-41-6772','Sofyan Rikzan','$6377.09','1989-02-18','Pilot','Jl Pajajaran No. 70B','Bogor','Jawa Barat','Indonesia'),('698-25-5963','Riechal Prasojo','$871.46','1988-01-02','Technician','Jl. Sokonandi II 9','Yogyakarta','Yogyakarta','Indonesia'),('698-86-5846','Septi Pramanda','$274.03','1986-05-04','Technician','Jl Pulo Kambing II No.26','Jakarta Timur','DKI Jakarta','Indonesia'),('720-43-7078','Rahmalia Amalia','$917.92','2000-08-30','Technician','Jl Tunjungan 86-88 Street 7 Lt 3','Surabaya','Jawa Timur','Indonesia'),('733-63-4869','Rahmalia Triutami','$7181.02','1989-05-27','Pilot','Jl. Tubagus Ismail Raya No.10','Bandung','Jawa Barat','Indonesia'),('737-33-2938','Rian Usmani','$1,508.39','1990-07-23','Technician','Jl Kramat Lontar I No.44','Jakarta Pusat','DKI Jakarta','Indonesia'),('748-22-8977','Iga Sabrina','$1,677.04','1993-06-24','Technician','Jl Cemara 32-34','Medan','Sumatera Utara','Indonesia'),('750-75-6553','Tyas Eylien Rahayu','$4208.58','1988-09-15','Pilot','Jl Arjuna 47','Denpasar','Bali','Indonesia'),('754-17-4298','Axel Oktavia','$493.81','1995-02-05','Pilot','Jalan Padokan','Bantul','Yogyakarta','Indonesia'),('756-19-8819','Aldo Aprisilya','$5197.81','1998-05-22','Pilot','Jl D Poso','Denpasar','Bali','Indonesia'),('758-61-5317','Christian Vernanda','$1580.78','1999-06-06','Technician','Jl Ir H Juanda 67','Tangerang Selatan','Banten','Indonesia'),('758-79-8298','Fildzah Labas','$6458.45','1988-05-24','Pilot','Jl. Rombeyan 9-86','Banda Aceh','Aceh','Indonesia'),('760-31-7020','Andi Fadholi','$604.53','1997-11-09','Technician','Jl Pemuda Plaza Andalas 108','Padang','Sumatera Barat','Indonesia'),('760-44-3613','Chaerul Aliriza W','$1,037.69','1998-07-16','Technician','Jl. Raya Jemb. Serong Blok Sawo','Depok','Jawa Barat','Indonesia'),('761-54-5987','Berian Bryan Paramitha','$7069.89','1991-12-19','Pilot','Jl. Mayjen Sungkono No.12','Surabaya','Jawa Timur','Indonesia'),('768-04-9489','Sumandi Kurniansyah','$1,811.30','1988-04-20','Technician','Jl. Indramayu 30-6','Jakarta Pusat','DKI Jakarta','Indonesia'),('768-51-5356','Puspa Athirah Aminullah','$948.57','1989-11-08','Pilot','Jl. Tgk Musa','Banda Aceh','Aceh','Indonesia'),('770-36-3684','Yandra Ihsanuddin','$6608.77','1992-10-03','Pilot','Jl Krekot Bunder IV/125','Jakarta Pusat','DKI Jakarta','Indonesia'),('782-78-0284','Cindy Juliyanti','$2860.58','1997-03-31','Flight Attendant','Jl. Pitara','Depok','Jawa Barat','Indonesia'),('789-85-4604','Omar Hidayatul','$3015.56','1993-11-23','Flight Attendant','Jl. Raya Pulo Gebang No.103','Jakarta Timur','DKI Jakarta','Indonesia'),('804-09-0852','Priyohadi Julianto','$985.70','1998-04-12','Technician','Jl. Tirta Sari No.4-20','Jakarta Timur','DKI Jakarta','Indonesia'),('805-62-6194','Ressy Fajriah','$369.20','1994-10-29','Technician','Jl Cikini Raya','Jakarta Pusat','DKI Jakarta','Indonesia'),('808-53-2805','Bimo Agustiana','$788.75','1989-12-11','Technician','Jl Pulau Betanta No.99','Denpasar','Bali','Indonesia'),('810-55-2887','Shabrina Alyani','$7681.69','1994-02-15','Pilot','Jl Jend Gatot Subroto 7','Denpasar','Bali','Indonesia'),('823-15-9621','Aristyo Wahyudi','$5744.06','1997-02-25','Pilot','Jl. Sinabung 1','Jakarta Selatan','DKI Jakarta','Indonesia'),('824-29-9716','Miftachul Tiodimar','$922.11','1994-03-28','Technician','Jl. Torpedo 888-44','Palembang','Sumatera Selatan','Indonesia'),('830-67-9885','Lusiana Nurullah','$5863.93','1999-11-23','Pilot','Jl HR Rasuna Said Kav B-9','Jakarta Selatan','DKI Jakarta','Indonesia'),('831-51-0878','Sumandi Satrya Hidayat','$1,902.51','1989-05-01','Technician','Jl. Gatot Subroto Barat No.50','Badung','Bali','Indonesia'),('832-64-1893','Evi Arifah','$822.88','1991-04-16','Technician','Jl. Danliris No.16','Karanganyar','Jawa Tengah','Indonesia'),('832-78-3334','Wiena Listisni','$662.23','1990-02-02','Technician','Jl Kupang Segunting III/12 A','Surabaya','Jawa Timur','Indonesia'),('847-03-8896','Banni Rahmawati','$493.72','1994-08-08','Technician','Jl Boulevard Raya','Jakarta Utara','DKI Jakarta','Indonesia'),('849-53-0906','Arifah Wahyuningtias','$5834.78','1988-06-25','Pilot','Jl. Teuku Umar No.255','Banda Aceh','Aceh','Indonesia'),('863-12-1981','Amelinda Prawita','$189.38','1987-04-05','Technician','Jl. RS. Fatmawati Raya No.96','Jakarta Selatan','DKI Jakarta','Indonesia'),('865-55-5201','Sari Destrya','$2212.83','1988-04-29','Flight Attendant','Jl Sriwijaya 52 A','Semarang','Jawa Tengah','Indonesia'),('866-43-2227','Yandra Asriandari','$1,692.40','1999-10-03','Technician','Jl. Cambai Agung VI 13','Palembang','Sumatera Selatan','Indonesia'),('867-96-1890','Aggil Shalimah','$304.39','1996-03-26','Technician','Jl Jend. Ahmad Yani 10','Bekasi','Jawa Barat','Indonesia'),('875-64-1338','Juno Gayatri','$3699.26','1997-02-19','Flight Attendant','Jl Gambir 6-8','Surabaya','Jawa Timur','Indonesia'),('883-05-1743','Jeremiah Azalia','$1,764.54','1987-04-26','Technician','Jl Pajajaran 11 A','Bandung','Jawa Barat','Indonesia'),('888-59-8210','Anton Isnaini','$1,605.52','1995-08-08','Technician','Jl Ciateul 40','Bandung','Jawa Barat','Indonesia'),('890-60-9684','Pandu Tika','$311.15','1992-03-02','Technician','Jl. Kediri 1-3','Jakarta Pusat','DKI Jakarta','Indonesia'),('897-12-7247','Sugraha Chandra Cansan','$4682.95','1996-11-09','Pilot','Jl. Kp. Benda Barat','Depok','Jawa Barat','Indonesia');
/*!40000 ALTER TABLE `employee` ENABLE KEYS */;
UNLOCK TABLES;

--
-- Table structure for table `employeecontact`
--

DROP TABLE IF EXISTS `employeecontact`;
/*!40101 SET @saved_cs_client     = @@character_set_client */;
/*!40101 SET character_set_client = utf8 */;
CREATE TABLE `employeecontact` (
  `SSN` varchar(11) NOT NULL,
  `phone_number` varchar(12) NOT NULL,
  PRIMARY KEY (`SSN`,`phone_number`),
  CONSTRAINT `fk SSN` FOREIGN KEY (`SSN`) REFERENCES `employee` (`SSN`) ON DELETE CASCADE
) ENGINE=InnoDB DEFAULT CHARSET=latin1;
/*!40101 SET character_set_client = @saved_cs_client */;

--
-- Dumping data for table `employeecontact`
--

LOCK TABLES `employeecontact` WRITE;
/*!40000 ALTER TABLE `employeecontact` DISABLE KEYS */;
INSERT INTO `employeecontact` VALUES ('105-78-8987','989-125-2027'),('107-17-0353','842-325-9876'),('110-71-7821','692 860 6996'),('115-09-5359','607-565-5652'),('130-24-9061','883 642 7327'),('133-55-5111','871-220-3963'),('136-32-6368','118-807-6058'),('139-42-0774','821-614-8798'),('139-42-0774','878-740-3769'),('139-58-9910','495-996-0696'),('142-88-2104','176 740 2992'),('146-78-3306','607-259-9690'),('149-93-9703','909 290 1942'),('150-09-8632','204-462-8277'),('150-37-8765','377 571 3851'),('150-37-8765','384 893 1431'),('150-37-8765','876 181 3851'),('154-64-2997','949-299-2803'),('161-66-6238','529 753 9959'),('168-40-1488','167 577 1254'),('168-40-1488','804 651 1182'),('169-50-5786','313 223 8914'),('180-30-3849','981-685-3303'),('196-08-5313','697-992-4433'),('198-22-3207','280 932 1759'),('201-42-9311','585-130-9060'),('203-42-2241','200-395-1852'),('204-59-1428','170-395-0194'),('205-88-2344','299 997 3834'),('207-74-1212','513 261 1447'),('226-21-1762','844-170-1257'),('229-28-4475','114 219 1084'),('229-28-4475','813 393 2885'),('230-07-7937','292 501 5590'),('230-68-1442','546 302 5730'),('230-68-1442','831 657 1325'),('231-13-2836','354 140 5874'),('233-72-4244','298 876 6238'),('236-95-7160','419 147 5768'),('238-02-1709','640-778-6375'),('242-48-3622','955 640 2463'),('244-35-3747','115-235-5396'),('245-68-3984','833 708 8755'),('246-29-4018','742 109 4400'),('246-40-0835','301 895 6006'),('268-63-8026','240 678 0134'),('268-63-8026','784 642 5321'),('268-63-8026','841 678 6134'),('271-90-2552','231 666 1534'),('276-33-7298','858-879-3221'),('277-76-3956','513 709 7829'),('280-16-7330','217 362 5046'),('281-88-8458','428 940 3704'),('282-95-5679','976-753-4365'),('284-04-0737','816 762 4516'),('284-35-0561','753 369 8397'),('289-19-5287','291 539 9020'),('291-50-4787','844 833 8008'),('295-34-2106','918 869 0895'),('296-27-9615','869-229-1337'),('296-27-9615','969-749-0312'),('301-02-0835','255-367-6104'),('307-25-2845','477 919 3799'),('308-15-3731','891-650-1313'),('308-30-4502','805 390 1390'),('309-45-4839','667 371 4232'),('316-14-7014','636 276 2345'),('317-28-6952','139 458 6402'),('322-71-3677','123 181 5766'),('327-79-4189','786 972 2663'),('330-19-9972','871 851 1917'),('338-35-6097','228 660 8471'),('350-55-3085','231 527 8321'),('357-17-7486','692 678 1480'),('366-69-8224','147 710 4716'),('367-76-3213','369 103 3566'),('371-76-4231','543 496 2964'),('372-66-7229','402-349-2622'),('378-33-2757','722 133 9706'),('382-66-9302','147-761-5879'),('399-94-8469','817-244-6219'),('400-19-4351','729-900-9273'),('405-88-3475','411 399 2305'),('406-30-5836','614 386 5254'),('410-67-0638','872-147-4547'),('413-04-9192','426-480-9165'),('418-25-9462','128 689 6703'),('421-19-5404','242-391-5055'),('421-19-5404','302-385-9046'),('433-73-8089','327-968-9634'),('435-15-1503','845 139 0939'),('436-05-7207','479 172 0144'),('436-57-9422','522-895-8864'),('452-10-5994','111 114 5900'),('455-13-9997','916 468 7063'),('456-17-5349','851 106 5598'),('466-97-3594','624 594 6269'),('471-92-4974','732-165-0971'),('474-53-9009','947 643 5197'),('480-71-4811','577 831 6390'),('483-38-5377','782-455-9198'),('483-38-5377','782-455-9200'),('483-38-5377','812-455-5013'),('496-56-3201','472 668 4801'),('500-47-1294','579 955 2031'),('500-47-1294','685 435 6135'),('500-47-1294','878 255 9031'),('502-97-6328','220 658 2286'),('506-14-1487','699-271-2230'),('506-14-1487','699-271-2231'),('506-14-1487','699-271-2232'),('507-31-4402','883 393 6431'),('512-50-1194','660 236 2108'),('524-33-1667','456-412-1131'),('526-30-8565','120 766 1319'),('535-71-5350','139-327-2738'),('536-57-8719','575 143 9978'),('547-49-9426','782 791 8640'),('550-09-8573','429 512 0149'),('554-91-6965','259 666 4977'),('559-92-6330','149 527 7936'),('570-88-7157','823-149-6217'),('570-88-7157','830-909-9918'),('572-29-7984','678 204 2535'),('572-29-7984','816 631 2539'),('572-29-7984','827 512 2799'),('574-93-7594','700-675-3024'),('602-76-2469','821-109-1127'),('602-76-2469','844-880-1580'),('604-34-0302','205 282 3571'),('612-44-9751','125-719-9035'),('622-04-2246','699 373 2572'),('623-66-3065','813 986 3705'),('623-66-3065','824 111 4370'),('624-90-1683','274 365 7281'),('624-90-1683','801 210 8881'),('629-10-9458','160-206-5888'),('635-23-4999','551 154 9129'),('636-65-6062','346 199 2563'),('636-65-6062','800 212 8888'),('636-65-6062','815 442 7229'),('645-42-7251','861-408-4621'),('645-42-7251','969-480-4785'),('649-05-0363','119 304 3401'),('649-65-4400','230 591 0060'),('652-52-4441','364 876 1243'),('652-52-4441','365 316 3703'),('652-52-4441','820 118 1563'),('662-74-8191','925 132 3424'),('684-09-6471','252 600 9475'),('690-49-9455','791-911-2410'),('694-41-6772','402 291 7387'),('698-25-5963','114-267-9954'),('698-86-5846','615-312-4614'),('698-86-5846','835-752-6548'),('720-43-7078','247-598-4024'),('720-43-7078','717-894-1901'),('733-63-4869','111 802 5613'),('737-33-2938','447-901-3808'),('748-22-8977','528-949-0166'),('748-22-8977','821-000-9524'),('750-75-6553','956 651 9105'),('754-17-4298','486 685 1935'),('756-19-8819','923 138 8881'),('758-61-5317','515 909 9404'),('758-79-8298','755 982 5000'),('760-31-7020','452-889-8504'),('760-44-3613','923-186-0801'),('761-54-5987','464 900 4141'),('768-04-9489','863-339-8855'),('768-51-5356','277 958 3697'),('768-51-5356','825 413 2550'),('770-36-3684','804 262 0169'),('770-36-3684','821 090 2819'),('782-78-0284','380 797 1343'),('789-85-4604','825 393 4769'),('804-09-0852','131-567-6154'),('805-62-6194','442-413-8381'),('808-53-2805','432-411-3431'),('808-53-2805','432-411-3432'),('808-53-2805','432-411-3433'),('810-55-2887','419 807 7827'),('823-15-9621','963 691 7712'),('824-29-9716','600-436-8071'),('830-67-9885','141 433 1892'),('831-51-0878','826-129-2002'),('832-64-1893','609-767-0052'),('832-78-3334','561-480-3961'),('847-03-8896','206-287-9969'),('847-03-8896','806-287-0052'),('849-53-0906','858 768 1503'),('863-12-1981','255 101 4217'),('865-55-5201','808 907 7480'),('866-43-2227','330-264-0735'),('867-96-1890','841-794-7583'),('875-64-1338','182 383 7116'),('883-05-1743','900-489-7483'),('888-59-8210','344-738-4978'),('890-60-9684','983-196-1527'),('897-12-7247','354 843 6741');
/*!40000 ALTER TABLE `employeecontact` ENABLE KEYS */;
UNLOCK TABLES;

--
-- Table structure for table `fix`
--

DROP TABLE IF EXISTS `fix`;
/*!40101 SET @saved_cs_client     = @@character_set_client */;
/*!40101 SET character_set_client = utf8 */;
CREATE TABLE `fix` (
  `reg_no` int(11) NOT NULL,
  `date` date NOT NULL,
  `type` varchar(37) NOT NULL,
  `SSN` varchar(11) NOT NULL,
  PRIMARY KEY (`date`,`type`,`SSN`,`reg_no`),
  KEY `fk SSN Fix` (`SSN`),
  KEY `fk reg_no Fix` (`reg_no`),
  CONSTRAINT `fk SSN Fix` FOREIGN KEY (`SSN`) REFERENCES `employee` (`SSN`) ON DELETE CASCADE,
  CONSTRAINT `fk reg_no Fix` FOREIGN KEY (`reg_no`) REFERENCES `airplane` (`reg_no`) ON DELETE CASCADE
) ENGINE=InnoDB DEFAULT CHARSET=latin1;
/*!40101 SET character_set_client = @saved_cs_client */;

--
-- Dumping data for table `fix`
--

LOCK TABLES `fix` WRITE;
/*!40000 ALTER TABLE `fix` DISABLE KEYS */;
INSERT INTO `fix` VALUES (110,'2021-01-03','Electrical System','180-30-3849'),(110,'2021-01-03','Electrical System','226-21-1762'),(110,'2021-01-03','Electrical System','483-38-5377'),(110,'2021-01-03','Electrical System','847-03-8896'),(114,'2021-01-14','Mechanical System','146-78-3306'),(114,'2021-01-14','Mechanical System','308-15-3731'),(114,'2021-01-14','Mechanical System','760-31-7020'),(125,'2021-01-16','Mechanical System','572-29-7984'),(125,'2021-01-16','Mechanical System','622-04-2246'),(125,'2021-01-16','Mechanical System','623-66-3065'),(143,'2021-01-16','Security','436-57-9422'),(143,'2021-01-16','Security','748-22-8977'),(113,'2021-01-25','Software/Airborne Electronic Hardware','238-02-1709'),(113,'2021-01-25','Software/Airborne Electronic Hardware','758-61-5317'),(101,'2021-01-27','Airframe Loads and Flutter','105-78-8987'),(101,'2021-01-27','Airframe Loads and Flutter','382-66-9302'),(101,'2021-01-27','Airframe Loads and Flutter','574-93-7594'),(101,'2021-01-27','Airframe Loads and Flutter','831-51-0878'),(138,'2021-02-15','Propulsion','105-78-8987'),(138,'2021-02-15','Propulsion','698-25-5963'),(119,'2021-02-20','Electronic Equipments','698-86-5846'),(123,'2021-03-03','Fuel System','203-42-2241'),(123,'2021-03-03','Fuel System','322-71-3677'),(132,'2021-03-04','Software/Airborne Electronic Hardware','602-76-2469'),(132,'2021-03-04','Software/Airborne Electronic Hardware','866-43-2227'),(116,'2021-03-15','Airframe Structures','146-78-3306'),(116,'2021-03-15','Airframe Structures','150-37-8765'),(116,'2021-03-15','Airframe Structures','204-59-1428'),(102,'2021-03-19','Airframe Structures','154-64-2997'),(102,'2021-03-19','Airframe Structures','201-42-9311'),(102,'2021-03-19','Airframe Structures','433-73-8089'),(102,'2021-03-19','Airframe Structures','471-92-4974'),(120,'2021-03-19','Cabin Safety','281-88-8458'),(131,'2021-04-03','Flight Control','146-78-3306'),(131,'2021-04-03','Flight Control','268-63-8026'),(117,'2021-04-04','Airframe Loads and Flutter','268-63-8026'),(117,'2021-04-04','Airframe Loads and Flutter','535-71-5350'),(117,'2021-04-04','Airframe Loads and Flutter','760-31-7020'),(136,'2021-04-06','Noise','330-19-9972'),(136,'2021-04-06','Noise','760-31-7020'),(118,'2021-04-10','Propulsion','204-59-1428'),(118,'2021-04-10','Propulsion','330-19-9972'),(118,'2021-04-10','Propulsion','410-67-0638'),(121,'2021-04-19','Electrical System','207-74-1212'),(121,'2021-04-19','Electrical System','367-76-3213'),(121,'2021-04-19','Electrical System','863-12-1981'),(112,'2021-04-26','Mechanical System','282-95-5679'),(112,'2021-04-26','Mechanical System','524-33-1667'),(112,'2021-04-26','Mechanical System','883-05-1743'),(112,'2021-04-26','Mechanical System','890-60-9684'),(130,'2021-05-12','Flight Control','150-37-8765'),(130,'2021-05-12','Flight Control','308-15-3731'),(107,'2021-05-17','Fuel System','244-35-3747'),(107,'2021-05-17','Fuel System','399-94-8469'),(107,'2021-05-17','Fuel System','400-19-4351'),(107,'2021-05-17','Fuel System','832-64-1893'),(111,'2021-05-27','Cabin Safety','196-08-5313'),(111,'2021-05-27','Cabin Safety','645-42-7251'),(111,'2021-05-27','Cabin Safety','805-62-6194'),(111,'2021-05-27','Cabin Safety','888-59-8210'),(137,'2021-06-06','Other','382-66-9302'),(137,'2021-06-06','Other','737-33-2938'),(104,'2021-07-01','Cabin Safety','150-09-8632'),(104,'2021-07-01','Cabin Safety','301-02-0835'),(104,'2021-07-01','Cabin Safety','413-04-9192'),(104,'2021-07-01','Cabin Safety','690-49-9455'),(140,'2021-07-06','Propulsion','574-93-7594'),(140,'2021-07-06','Propulsion','831-51-0878'),(108,'2021-07-11','Electrical System','107-17-0353'),(108,'2021-07-11','Electrical System','136-32-6368'),(108,'2021-07-11','Electrical System','421-19-5404'),(108,'2021-07-11','Electrical System','720-43-7078'),(126,'2021-07-11','Mechanical System','276-33-7298'),(126,'2021-07-11','Mechanical System','629-10-9458'),(126,'2021-07-11','Mechanical System','867-96-1890'),(139,'2021-07-20','Propulsion','281-88-8458'),(139,'2021-07-20','Propulsion','410-67-0638'),(109,'2021-08-26','Electronic Equipments','139-42-0774'),(109,'2021-08-26','Electronic Equipments','296-27-9615'),(109,'2021-08-26','Electronic Equipments','698-25-5963'),(109,'2021-08-26','Electronic Equipments','737-33-2938'),(103,'2021-09-01','Electronic Equipments','204-59-1428'),(103,'2021-09-01','Electronic Equipments','282-95-5679'),(103,'2021-09-01','Electronic Equipments','524-33-1667'),(103,'2021-09-01','Electronic Equipments','805-62-6194'),(115,'2021-09-02','Fuel System','236-95-7160'),(115,'2021-09-02','Fuel System','410-67-0638'),(127,'2021-09-03','Mechanical System','496-56-3201'),(127,'2021-09-03','Mechanical System','506-14-1487'),(127,'2021-09-03','Mechanical System','804-09-0852'),(105,'2021-09-04','Electrical System','139-58-9910'),(105,'2021-09-04','Electrical System','506-14-1487'),(105,'2021-09-04','Electrical System','570-88-7157'),(105,'2021-09-04','Electrical System','824-29-9716'),(141,'2021-09-04','Propulsion','154-64-2997'),(141,'2021-09-04','Propulsion','433-73-8089'),(128,'2021-09-06','Mechanical System','133-55-5111'),(128,'2021-09-06','Mechanical System','758-61-5317'),(128,'2021-09-06','Mechanical System','824-29-9716'),(133,'2021-09-10','Software/Airborne Electronic Hardware','301-02-0835'),(133,'2021-09-10','Software/Airborne Electronic Hardware','413-04-9192'),(106,'2021-09-26','Airframe Loads and Flutter','436-57-9422'),(106,'2021-09-26','Airframe Loads and Flutter','748-22-8977'),(106,'2021-09-26','Airframe Loads and Flutter','768-04-9489'),(106,'2021-09-26','Airframe Loads and Flutter','808-53-2805'),(124,'2021-10-02','Electrical System','366-69-8224'),(124,'2021-10-02','Electrical System','760-44-3613'),(122,'2021-10-08','Airframe Loads and Flutter','115-09-5359'),(122,'2021-10-08','Airframe Loads and Flutter','698-86-5846'),(122,'2021-10-08','Airframe Loads and Flutter','832-78-3334'),(134,'2021-10-10','Icing','150-09-8632'),(134,'2021-10-10','Icing','372-66-7229'),(142,'2021-10-16','Security','139-58-9910'),(142,'2021-10-16','Security','570-88-7157'),(129,'2021-10-17','Flight Control','236-95-7160'),(129,'2021-10-17','Flight Control','238-02-1709'),(135,'2021-10-18','Extended Operations','612-44-9751'),(135,'2021-10-18','Extended Operations','690-49-9455'),(144,'2021-10-18','Security','768-04-9489'),(144,'2021-10-18','Security','808-53-2805');
/*!40000 ALTER TABLE `fix` ENABLE KEYS */;
UNLOCK TABLES;

--
-- Table structure for table `flight`
--

DROP TABLE IF EXISTS `flight`;
/*!40101 SET @saved_cs_client     = @@character_set_client */;
/*!40101 SET character_set_client = utf8 */;
CREATE TABLE `flight` (
  `flight_id` varchar(7) NOT NULL,
  `departure` varchar(18) NOT NULL,
  `arrival` varchar(16) NOT NULL,
  `departure_datetime` datetime NOT NULL,
  `arrival_datetime` datetime NOT NULL,
  PRIMARY KEY (`flight_id`)
) ENGINE=InnoDB DEFAULT CHARSET=latin1;
/*!40101 SET character_set_client = @saved_cs_client */;

--
-- Dumping data for table `flight`
--

LOCK TABLES `flight` WRITE;
/*!40000 ALTER TABLE `flight` DISABLE KEYS */;
INSERT INTO `flight` VALUES ('104-448','Jakarta','Callahuanca','2021-11-03 01:00:00','2021-11-03 08:00:00'),('105-382','Jakarta','Wuqishan','2021-11-03 18:00:00','2021-11-03 20:04:00'),('112-221','Jakarta','Bous','2021-11-02 00:00:00','2021-11-02 06:00:00'),('114-229','Ivanteyevka','Jakarta','2021-11-03 04:00:00','2021-11-03 11:00:00'),('120-126','Pepe','Jakarta','2021-11-02 14:00:00','2021-11-02 18:00:00'),('124-011','Pyapon','Jakarta','2021-11-01 00:00:00','2021-11-01 01:00:00'),('125-228','Jakarta','Gilin','2021-11-02 19:00:00','2021-11-02 20:20:00'),('126-002','Beraim','Jakarta','2021-11-03 18:00:00','2021-11-03 23:00:00'),('128-119','Jakarta','Ketian','2021-11-04 04:00:00','2021-11-04 05:40:00'),('129-212','Jakarta','Camacari','2021-11-05 12:00:00','2021-11-05 17:21:00'),('131-972','Deauville','Jakarta','2021-11-04 04:00:00','2021-11-04 05:50:00'),('133-100','Jakarta','Horvati','2021-11-04 10:20:00','2021-11-04 23:20:00'),('14-287','Jakarta','Nebraska','2021-11-01 13:00:00','2021-11-01 18:00:00'),('140-007','Jakarta','Kadubadak','2021-11-05 12:00:00','2021-11-05 13:00:00'),('145-112','Eisiskes','Jakarta','2021-11-05 12:00:00','2021-11-05 23:00:00'),('146-209','Jakarta','Looc','2021-11-02 00:00:00','2021-11-02 15:00:00'),('148-193','Jakarta','Wenheng','2021-11-05 11:00:00','2021-11-05 13:37:00'),('149-118','Kitaibaraki','Jakarta','2021-11-05 11:00:00','2021-11-05 23:00:00'),('151-162','Jakarta','Cigaluh','2021-11-04 04:00:00','2021-11-04 08:30:00'),('155-119','Casalinho','Jakarta','2021-11-02 02:00:00','2021-11-02 07:00:00'),('160-002','Jakarta','Pahang','2021-11-02 00:00:00','2021-11-02 04:00:00'),('169-002','Charlotte','Jakarta','2021-11-03 18:00:00','2021-11-03 23:00:00'),('173-219','Jakarta','Kawangkoan','2021-11-03 18:00:00','2021-11-03 21:18:00'),('176-111','Rovira','Jakarta','2021-11-03 05:00:00','2021-11-03 11:30:00'),('18-882','Jakarta','Kabare','2021-11-04 00:00:00','2021-11-04 00:00:00'),('180-900','Almirante','Jakarta','2021-11-04 10:20:00','2021-11-04 17:00:00'),('186-927','Skopin','Jakarta','2021-11-02 00:00:00','2021-11-02 11:00:00'),('190-202','Jakarta','Cibungur','2021-11-01 11:00:00','2021-11-01 11:45:00'),('191-058','Jalal-Abad','Jakarta','2021-11-06 15:00:00','2021-11-06 17:00:00'),('20-197','Shchukino','Jakarta','2021-11-05 11:00:00','2021-11-05 15:00:00'),('21-110','Jakarta','Huliao','2021-11-02 00:00:00','2021-11-02 03:00:00'),('216-999','Jakarta','Trelleborg','2021-11-05 11:00:00','2021-11-05 14:20:00'),('220-992','Quan Hanh','Jakarta','2021-11-05 11:00:00','2021-11-05 19:20:00'),('229-110','Sevilla','Jakarta','2021-11-04 10:20:00','2021-11-04 23:00:00'),('23-339','Jakarta','Tirmiz','2021-11-03 01:00:00','2021-11-03 03:20:00'),('232-116','Jakarta','Jayapura','2021-11-05 11:00:00','2021-11-05 14:00:00'),('239-208','Yongledian','Jakarta','2021-11-02 10:00:00','2021-11-02 11:00:00'),('246-110','Berlin','Jakarta','2021-11-03 18:00:00','2021-11-03 21:10:00'),('255','Omsk','Jakarta','2021-11-03 18:00:00','2021-11-03 21:00:00'),('258-197','Tetouan','Jakarta','2021-11-02 02:00:00','2021-11-02 10:00:00'),('260-558','Jakarta','Surabaya','2021-11-03 01:00:00','2021-11-03 07:34:00'),('267-016','Manchester','Jakarta','2021-11-03 18:00:00','2021-11-03 19:00:00'),('276-182','Jakarta','Sumber Tengah','2021-11-05 11:00:00','2021-11-05 13:00:00'),('279-119','Jakarta','Poitiers','2021-11-04 04:00:00','2021-11-04 06:23:00'),('289-008','Akat Amnuai','Jakarta','2021-11-06 15:00:00','2021-11-06 19:00:00'),('297-119','Jakarta','Caitang','2021-11-02 00:00:00','2021-11-02 05:00:00'),('316-118','Jakarta','Shuangtang','2021-11-04 00:00:00','2021-11-04 09:20:00'),('325-027','Jakarta','Lipci','2021-11-06 15:00:00','2021-11-06 15:30:00'),('345-221','Jakarta','Jezzine','2021-11-04 04:00:00','2021-11-04 05:00:00'),('356-927','Popova','Jakarta','2021-11-06 15:00:00','2021-11-06 16:00:00'),('409-029','Daliang','Jakarta','2021-11-06 15:00:00','2021-11-06 16:00:00'),('45-882','Haiyanmiao','Jakarta','2021-11-05 12:00:00','2021-11-05 13:00:00'),('462-009','Lianpeng','Jakarta','2021-11-05 12:00:00','2021-11-05 14:50:00'),('465-222','Guadalupe Victoria','Jakarta','2021-11-01 02:00:00','2021-11-01 03:00:00'),('469-198','Fushe-Bulqize','Jakarta','2021-11-05 12:00:00','2021-11-05 14:00:00'),('477-092','Perama','Jakarta','2021-11-06 15:00:00','2021-11-06 21:00:00'),('477-123','Jakarta','Kuala Terengganu','2021-11-06 15:00:00','2021-11-06 17:27:00'),('486-926','Silca','Jakarta','2021-11-04 04:00:00','2021-11-04 05:00:00'),('514-112','Karobokan','Jakarta','2021-11-01 00:00:00','2021-11-01 02:00:00'),('537-208','Khandagayty','Jakarta','2021-11-05 11:00:00','2021-11-05 16:00:00'),('544-219','Boyarka','Jakarta','2021-11-05 12:00:00','2021-11-05 21:00:00'),('551-372','Jakarta','Paris','2021-11-03 01:00:00','2021-11-03 03:00:00'),('57-262','Jakarta','New Yekepa','2021-11-02 18:00:00','2021-11-02 21:00:00'),('572-276','Sydney','Jakarta','2021-11-02 21:00:00','2021-11-02 23:05:00'),('589-218','Karangnunggal','Jakarta','2021-11-04 04:00:00','2021-11-04 11:00:00'),('6-777','Narva','Jakarta','2021-11-02 00:00:00','2021-11-02 08:00:00'),('606-028','Pochep','Jakarta','2021-11-03 18:00:00','2021-11-03 19:00:00'),('607-292','Jakarta','Bethlehem','2021-11-03 01:00:00','2021-11-03 10:20:00'),('615-449','Jakarta','Ubay','2021-11-03 01:00:00','2021-11-03 16:00:00'),('623-110','Jakarta','Tougan','2021-11-02 00:00:00','2021-11-02 02:00:00'),('636-297','Jakarta','Nobinobi','2021-11-01 05:00:00','2021-11-01 06:20:00'),('643-182','Novyy Starodub','Jakarta','2021-11-02 11:00:00','2021-11-02 14:00:00'),('657-726','Valencia','Jakarta','2021-11-01 00:00:00','2021-11-01 05:30:00'),('675-186','Madrid','Jakarta','2021-11-02 00:50:00','2021-11-02 01:40:00'),('68-220','Vidin','Jakarta','2021-11-04 10:20:00','2021-11-04 13:23:00'),('683-102','Alem','Jakarta','2021-11-05 11:00:00','2021-11-05 20:50:00'),('695-039','Jakarta','San Vicente','2021-11-03 01:00:00','2021-11-03 11:00:00'),('705-001','Lucma','Jakarta','2021-11-04 04:00:00','2021-11-04 09:10:00'),('706-827','Jakarta','Lydenburg','2021-11-04 10:20:00','2021-11-04 12:00:00'),('71-222','Saurimo','Jakarta','2021-11-03 01:00:00','2021-11-03 02:00:00'),('72-119','Chendong','Jakarta','2021-11-03 18:00:00','2021-11-03 22:00:00'),('733-109','Longmen','Jakarta','2021-11-03 03:00:00','2021-11-03 09:00:00'),('74-120','Araguari','Jakarta','2021-11-04 10:20:00','2021-11-04 14:00:00'),('745-718','Meilisi','Jakarta','2021-11-01 00:00:00','2021-11-01 09:40:00'),('76-372','Jakarta','Bromma','2021-11-06 15:00:00','2021-11-06 16:00:00'),('760-726','Seoul','Jakarta','2021-11-01 01:00:00','2021-11-01 04:00:00'),('780-291','Bandun','Jakarta','2021-11-04 10:20:00','2021-11-04 15:00:00'),('781-922','Xinfu','Jakarta','2021-11-02 00:00:00','2021-11-02 07:00:00'),('80-222','Jakarta','Besancon','2021-11-05 11:00:00','2021-11-05 19:50:00'),('82-291','Jakarta','Tekeli','2021-11-02 00:00:00','2021-11-02 01:00:00'),('849-201','Jakarta','Hekou','2021-11-04 04:00:00','2021-11-04 08:20:00'),('851-112','Jakarta','Zhiletovo','2021-11-04 04:00:00','2021-11-04 05:20:00'),('86-192','Jakarta','Bloomington','2021-11-02 00:00:00','2021-11-02 11:00:00'),('865-236','Jakarta','Babak','2021-11-05 12:00:00','2021-11-05 15:03:00'),('880-281','Jakarta','Tyczyn','2021-11-03 18:00:00','2021-11-03 21:20:00'),('936-211','Fujinomiya','Jakarta','2021-11-02 01:00:00','2021-11-02 03:00:00'),('960-222','Skelleftehamn','Jakarta','2021-11-03 06:00:00','2021-11-03 16:00:00'),('98-229','Prao','Jakarta','2021-11-02 00:40:00','2021-11-02 11:00:00'),('996-118','Jakarta','Weihe','2021-11-02 00:00:00','2021-11-02 11:00:00'),('999-227','Jakarta','Shalang','2021-11-01 07:00:00','2021-11-01 12:00:00');
/*!40000 ALTER TABLE `flight` ENABLE KEYS */;
UNLOCK TABLES;

--
-- Table structure for table `flightattendant`
--

DROP TABLE IF EXISTS `flightattendant`;
/*!40101 SET @saved_cs_client     = @@character_set_client */;
/*!40101 SET character_set_client = utf8 */;
CREATE TABLE `flightattendant` (
  `SSN` varchar(11) NOT NULL,
  `Height` int(11) NOT NULL,
  `Weight` int(11) NOT NULL,
  `FA_License` varchar(5) NOT NULL,
  `airline_id` int(11) NOT NULL,
  PRIMARY KEY (`SSN`),
  KEY `fk airline_id FA` (`airline_id`),
  CONSTRAINT `fk SSN FA` FOREIGN KEY (`SSN`) REFERENCES `employee` (`SSN`) ON DELETE CASCADE,
  CONSTRAINT `fk airline_id FA` FOREIGN KEY (`airline_id`) REFERENCES `airline` (`airline_id`) ON DELETE CASCADE
) ENGINE=InnoDB DEFAULT CHARSET=latin1;
/*!40101 SET character_set_client = @saved_cs_client */;

--
-- Dumping data for table `flightattendant`
--

LOCK TABLES `flightattendant` WRITE;
/*!40000 ALTER TABLE `flightattendant` DISABLE KEYS */;
INSERT INTO `flightattendant` VALUES ('142-88-2104',168,58,'FA841',675),('161-66-6238',165,55,'FA718',514),('205-88-2344',178,72,'FA848',623),('246-29-4018',174,64,'FA132',21),('246-40-0835',160,50,'FA245',636),('284-35-0561',167,57,'FA658',86),('289-19-5287',162,52,'FA834',572),('316-14-7014',160,50,'FA653',146),('327-79-4189',171,61,'FA887',98),('357-17-7486',176,70,'FA202',82),('371-76-4231',175,70,'FA364',120),('378-33-2757',167,57,'FA827',125),('406-30-5836',164,54,'FA120',996),('418-25-9462',169,59,'FA526',643),('435-15-1503',161,51,'FA842',239),('452-10-5994',180,74,'FA720',657),('456-17-5349',167,57,'FA946',186),('500-47-1294',164,54,'FA450',124),('512-50-1194',168,58,'FA634',465),('624-90-1683',172,62,'FA359',745),('636-65-6062',172,62,'FA369',14),('652-52-4441',177,67,'FA419',57),('782-78-0284',163,53,'FA839',760),('789-85-4604',166,56,'FA124',999),('865-55-5201',162,52,'FA217',190),('875-64-1338',172,62,'FA386',258);
/*!40000 ALTER TABLE `flightattendant` ENABLE KEYS */;
UNLOCK TABLES;

--
-- Table structure for table `flightcrew`
--

DROP TABLE IF EXISTS `flightcrew`;
/*!40101 SET @saved_cs_client     = @@character_set_client */;
/*!40101 SET character_set_client = utf8 */;
CREATE TABLE `flightcrew` (
  `SSN` varchar(11) NOT NULL,
  `medical_examination_date` date NOT NULL,
  PRIMARY KEY (`SSN`),
  CONSTRAINT `fk SSN Crew` FOREIGN KEY (`SSN`) REFERENCES `employee` (`SSN`) ON DELETE CASCADE
) ENGINE=InnoDB DEFAULT CHARSET=latin1;
/*!40101 SET character_set_client = @saved_cs_client */;

--
-- Dumping data for table `flightcrew`
--

LOCK TABLES `flightcrew` WRITE;
/*!40000 ALTER TABLE `flightcrew` DISABLE KEYS */;
INSERT INTO `flightcrew` VALUES ('110-71-7821','2021-06-10'),('130-24-9061','2021-07-24'),('142-88-2104','2020-12-12'),('149-93-9703','2021-06-08'),('161-66-6238','2021-04-23'),('168-40-1488','2021-08-11'),('169-50-5786','2021-03-05'),('198-22-3207','2021-06-15'),('205-88-2344','2021-11-03'),('229-28-4475','2021-06-22'),('230-07-7937','2021-09-16'),('230-68-1442','2021-01-02'),('231-13-2836','2020-12-29'),('233-72-4244','2021-01-09'),('242-48-3622','2021-08-14'),('245-68-3984','2021-07-15'),('246-29-4018','2021-07-17'),('246-40-0835','2021-05-25'),('271-90-2552','2021-07-15'),('277-76-3956','2021-03-18'),('280-16-7330','2021-04-13'),('284-04-0737','2021-01-23'),('284-35-0561','2021-01-25'),('289-19-5287','2021-09-15'),('291-50-4787','2021-01-09'),('295-34-2106','2021-04-25'),('307-25-2845','2021-09-18'),('308-30-4502','2021-07-11'),('309-45-4839','2020-12-30'),('316-14-7014','2021-10-24'),('317-28-6952','2021-10-14'),('327-79-4189','2021-10-04'),('338-35-6097','2021-04-20'),('350-55-3085','2021-06-13'),('357-17-7486','2021-08-31'),('371-76-4231','2021-02-17'),('378-33-2757','2021-09-09'),('405-88-3475','2021-03-17'),('406-30-5836','2021-06-19'),('418-25-9462','2021-04-18'),('435-15-1503','2021-04-29'),('436-05-7207','2021-09-13'),('452-10-5994','2021-09-27'),('455-13-9997','2021-09-08'),('456-17-5349','2021-06-12'),('466-97-3594','2021-03-13'),('474-53-9009','2021-09-16'),('480-71-4811','2021-09-01'),('500-47-1294','2021-01-15'),('502-97-6328','2021-01-05'),('507-31-4402','2021-06-09'),('512-50-1194','2020-12-04'),('526-30-8565','2021-09-30'),('536-57-8719','2021-06-06'),('547-49-9426','2021-06-15'),('550-09-8573','2021-07-13'),('554-91-6965','2021-02-06'),('559-92-6330','2021-07-29'),('604-34-0302','2021-10-18'),('624-90-1683','2021-01-14'),('635-23-4999','2021-01-23'),('636-65-6062','2021-07-07'),('649-05-0363','2021-02-09'),('649-65-4400','2021-06-07'),('652-52-4441','2020-12-06'),('662-74-8191','2020-12-31'),('684-09-6471','2021-01-20'),('694-41-6772','2021-04-04'),('733-63-4869','2021-09-26'),('750-75-6553','2021-04-26'),('754-17-4298','2021-06-17'),('756-19-8819','2021-02-23'),('758-79-8298','2021-03-03'),('761-54-5987','2021-01-22'),('768-51-5356','2021-06-14'),('770-36-3684','2021-05-02'),('782-78-0284','2021-04-30'),('789-85-4604','2021-07-19'),('810-55-2887','2021-01-28'),('823-15-9621','2021-03-11'),('830-67-9885','2021-04-22'),('849-53-0906','2021-11-03'),('865-55-5201','2021-06-22'),('875-64-1338','2021-08-08'),('897-12-7247','2021-05-12');
/*!40000 ALTER TABLE `flightcrew` ENABLE KEYS */;
UNLOCK TABLES;

--
-- Table structure for table `fly`
--

DROP TABLE IF EXISTS `fly`;
/*!40101 SET @saved_cs_client     = @@character_set_client */;
/*!40101 SET character_set_client = utf8 */;
CREATE TABLE `fly` (
  `flight_id` varchar(7) NOT NULL,
  `id_card_number` varchar(11) NOT NULL,
  `reg_no` int(11) NOT NULL,
  PRIMARY KEY (`flight_id`,`id_card_number`,`reg_no`)
) ENGINE=InnoDB DEFAULT CHARSET=latin1;
/*!40101 SET character_set_client = @saved_cs_client */;

--
-- Dumping data for table `fly`
--

LOCK TABLES `fly` WRITE;
/*!40000 ALTER TABLE `fly` DISABLE KEYS */;
INSERT INTO `fly` VALUES ('104-448','220-27-3648',142),('105-382','793-20-1668',146),('112-221','532-17-6041',129),('114-229','431-72-6090',135),('120-126','829-14-3656',115),('124-011','779-63-3136',101),('125-228','820-52-1534',123),('126-002','214-64-3183',149),('128-119','554-41-4143',158),('129-212','576-52-8973',191),('131-972','236-82-4543',159),('133-100','193-07-9993',173),('14-287','431-09-9693',109),('140-007','420-80-0359',180),('145-112','253-25-7587',177),('146-209','477-19-5157',111),('148-193','348-93-3420',181),('149-118','606-34-1385',187),('151-162','399-73-1002',164),('155-119','503-46-9886',133),('160-002','853-16-8986',127),('169-002','469-51-2102',153),('173-219','812-83-4275',155),('176-111','629-65-3903',136),('18-882','842-48-6236',167),('180-900','200-66-9188',171),('186-927','446-40-5489',121),('190-202','192-72-1816',108),('191-058','535-44-9854',194),('20-197','266-09-9643',185),('21-110','694-99-9822',126),('216-999','399-37-1095',182),('220-992','150-32-5967',184),('229-110','348-35-3355',172),('23-339','872-93-0387',144),('232-116','429-59-8258',189),('239-208','336-05-6690',119),('246-110','820-39-7883',151),('255','763-19-6207',148),('258-197','670-13-4768',117),('260-558','167-49-1212',145),('267-016','886-15-5413',147),('276-182','473-41-1964',190),('279-119','177-99-3518',163),('289-008','114-06-2255',195),('297-119','784-48-2684',128),('316-118','541-92-3168',166),('325-027','651-32-2737',199),('345-221','196-81-4970',156),('356-927','103-03-1317',198),('409-029','391-35-4733',196),('45-882','476-63-6851',175),('462-009','896-27-1262',179),('465-222','171-17-8658',103),('469-198','552-23-5840',176),('477-092','891-87-5196',197),('477-123','696-25-6510',101),('477-123','779-63-3136',102),('486-926','869-52-8900',160),('514-112','247-03-8650',102),('537-208','760-70-0292',188),('544-219','777-26-2977',178),('551-372','123-63-5299',140),('57-262','397-75-6369',113),('572-276','742-09-3274',120),('589-218','618-75-6810',161),('6-777','348-59-9144',131),('606-028','345-12-2910',150),('607-292','644-20-1237',139),('615-449','457-15-9667',141),('623-110','724-20-3281',125),('636-297','164-13-5902',107),('643-182','527-33-2199',118),('657-726','879-01-6861',105),('675-186','129-17-4337',116),('68-220','842-53-2783',174),('683-102','609-72-6219',186),('695-039','490-47-6403',143),('705-001','531-48-4855',162),('706-827','226-73-7280',168),('71-222','441-95-6395',138),('72-119','673-38-7156',152),('733-109','516-50-9881',134),('74-120','753-75-1307',170),('745-718','833-14-9146',106),('76-372','721-72-7607',193),('760-726','524-65-2605',104),('780-291','729-83-4432',169),('781-922','502-14-4025',130),('80-222','524-08-4285',183),('82-291','392-48-7714',124),('849-201','724-93-9062',165),('851-112','100-73-0876',157),('86-192','400-99-8684',122),('865-236','309-70-4398',192),('880-281','113-72-1542',154),('936-211','144-57-4714',132),('960-222','507-86-3407',137),('98-229','887-39-9830',114),('996-118','876-61-0909',112),('999-227','708-70-2966',110);
/*!40000 ALTER TABLE `fly` ENABLE KEYS */;
UNLOCK TABLES;

--
-- Table structure for table `model`
--

DROP TABLE IF EXISTS `model`;
/*!40101 SET @saved_cs_client     = @@character_set_client */;
/*!40101 SET character_set_client = utf8 */;
CREATE TABLE `model` (
  `model_name` varchar(33) NOT NULL,
  `model_no` int(11) NOT NULL,
  `capacity` int(11) NOT NULL,
  `weight` int(11) NOT NULL,
  PRIMARY KEY (`model_no`)
) ENGINE=InnoDB DEFAULT CHARSET=latin1;
/*!40101 SET character_set_client = @saved_cs_client */;

--
-- Dumping data for table `model`
--

LOCK TABLES `model` WRITE;
/*!40000 ALTER TABLE `model` DISABLE KEYS */;
INSERT INTO `model` VALUES ('ATR 42',1,149,41974),('ATR 72',2,132,38769),('Airbus A220',3,139,38449),('Airbus A300',4,147,40414),('Airbus A310',5,125,38682),('Airbus A318',6,146,39772),('Airbus A319',7,135,41917),('Airbus A320',8,124,38099),('Airbus A321',9,141,41057),('Airbus A330',10,147,40197),('Airbus A340',11,121,41162),('Airbus A350',12,144,41410),('Airbus A380',13,149,40375),('Antonov An-140',14,130,40887),('Antonov An-148',15,130,40304),('Antonov An-158',16,135,41269),('Beechcraft 200 Super King Air',17,122,39270),('Beechcraft 1300',18,123,37538),('Beriev Be-200',19,133,40472),('British Aerospace BAe 146',20,136,38310),('Boeing 717',21,129,41720),('Boeing 757',22,125,38057),('Boeing 767',23,141,38875),('Boeing 777',24,122,40738),('Boeing 787',25,135,41719),('Bombardier CRJ-100',26,121,39263),('Bombardier CRJ-200',27,121,38109),('Bombardier CRJ-700',28,136,38971),('Bombardier CRJ-900',29,136,40067),('Bombardier Dash 8',30,149,41157),('CASA C-212 Aviocar',31,124,39360),('Cessna 208',32,132,40685),('Cessna 404',33,142,41299),('Comac C919 (project)',34,143,38993),('Convair CV5800',35,123,41142),('de Havilland Canada Dash 7',36,134,39019),('De Havilland Canada Dash 8',37,144,40723),('Dornier 328',38,138,39260),('Embraer EMB 121 Xingu',39,123,41136),('Embraer EMB 120 Brasilia',40,140,40449),('Embraer EMB 820C',41,139,40437),('Embraer/FMA CBA 123 Vector',42,135,39754),('Embraer ERJ 135',43,142,39154),('Embraer ERJ 140',44,125,37659),('Embraer ERJ 145',45,134,40817),('Embraer 170',46,133,38894),('Embraer 175',47,131,39717),('Embraer 190',48,121,40746),('Embraer 195',49,142,40418),('Fairchild Dornier 328JET',50,144,39534),('Fokker 50',51,145,41861),('Fokker 70',52,133,40510),('Fokker 100',53,130,39035),('Irkut MS-21 (project)',54,125,38289),('Ilyushin Il-86',55,144,40429),('Ilyushin Il-96',56,149,40355),('Ilyushin Il-114',57,131,39019),('Indonesian Aerospace N-219',58,147,42398),('Indonesian Aerospace N-245',59,141,42048),('Indonesian Aerospace N-270',60,136,39168),('IPTN N-250',61,137,41449),('IPTN N-2130',62,140,42189),('McDonnell-Douglas MD-11',63,146,39820),('McDonnell Douglas MD-80',64,141,40232),('McDonnell Douglas MD-90',65,121,39118),('McDonnell-Douglas MD-95',66,129,39880),('Mitsubishi Regional Jet (project)',67,126,39950),('Neiva Caraja',68,134,38395),('Piper Chieftain',69,148,42461),('Piper T-1020',70,128,37713),('Piper T-1040',71,145,39281),('Reims-Cessna F406 Caravan II',72,138,41464),('Short 330',73,145,40885),('Short 360',74,131,41104),('Sukhoi Superjet 100',75,129,40815),('Tupolev Tu-204',76,139,39069),('Yakovlev Yak-42',77,134,41732),('Saab 2000',78,135,39647);
/*!40000 ALTER TABLE `model` ENABLE KEYS */;
UNLOCK TABLES;

--
-- Table structure for table `pilot`
--

DROP TABLE IF EXISTS `pilot`;
/*!40101 SET @saved_cs_client     = @@character_set_client */;
/*!40101 SET character_set_client = utf8 */;
CREATE TABLE `pilot` (
  `SSN` varchar(11) NOT NULL,
  `PPL` varchar(8) NOT NULL,
  `CPL` varchar(7) NOT NULL,
  `IR` varchar(7) NOT NULL,
  `MER` varchar(6) NOT NULL,
  `airline_id` int(11) NOT NULL,
  PRIMARY KEY (`SSN`),
  KEY `fk airline_id Pilot` (`airline_id`),
  CONSTRAINT `fk SSN Pilot` FOREIGN KEY (`SSN`) REFERENCES `employee` (`SSN`) ON DELETE CASCADE,
  CONSTRAINT `fk airline_id Pilot` FOREIGN KEY (`airline_id`) REFERENCES `airline` (`airline_id`) ON DELETE CASCADE
) ENGINE=InnoDB DEFAULT CHARSET=latin1;
/*!40101 SET character_set_client = @saved_cs_client */;

--
-- Dumping data for table `pilot`
--

LOCK TABLES `pilot` WRITE;
/*!40000 ALTER TABLE `pilot` DISABLE KEYS */;
INSERT INTO `pilot` VALUES ('110-71-7821','PPL10245','CPL4792','IR52317','MER943',999),('130-24-9061','PPL12824','CPL5184','IR79039','MER688',258),('149-93-9703','PPL10669','CPL6741','IR72093','MER773',98),('168-40-1488','PPL16987','CPL5778','IR64467','MER629',745),('169-50-5786','PPL19963','CPL4114','IR75406','MER163',636),('198-22-3207','PPL10546','CPL6131','IR58699','MER118',297),('229-28-4475','PPL10992','CPL8275','IR50853','MER781',465),('230-07-7937','PPL11878','CPL7816','IR95960','MER551',675),('230-68-1442','PPL12691','CPL4578','IR82355','MER131',186),('231-13-2836','PPL18587','CPL9880','IR85191','MER887',657),('233-72-4244','PPL13213','CPL9918','IR85788','MER182',120),('242-48-3622','PPL10309','CPL6058','IR67186','MER242',996),('245-68-3984','PPL10828','CPL4973','IR72886','MER273',514),('271-90-2552','PPL18522','CPL5851','IR89029','MER602',71),('277-76-3956','PPL10351','CPL6172','IR90599','MER333',125),('280-16-7330','PPL13787','CPL2741','IR53484','MER428',146),('284-04-0737','PPL10108','CPL7381','IR85625','MER444',23),('291-50-4787','PPL15979','CPL9178','IR53546','MER462',260),('295-34-2106','PPL19900','CPL4442','IR96793','MER395',695),('307-25-2845','PPL14548','CPL9036','IR67957','MER220',146),('308-30-4502','PPL10864','CPL5042','IR69773','MER725',14),('309-45-4839','PPL14776','CPL2698','IR75092','MER532',14),('317-28-6952','PPL17710','CPL1408','IR62875','MER436',657),('338-35-6097','PPL14174','CPL3682','IR64708','MER870',155),('350-55-3085','PPL14498','CPL9534','IR80159','MER569',514),('405-88-3475','PPL13155','CPL1697','IR70794','MER735',114),('436-05-7207','PPL18134','CPL9956','IR83088','MER134',643),('455-13-9997','PPL16585','CPL3308','IR78795','MER901',239),('466-97-3594','PPL16777','CPL8221','IR95364','MER305',112),('474-53-9009','PPL18250','CPL1157','IR54344','MER536',745),('480-71-4811','PPL10528','CPL7472','IR53855','MER254',572),('502-97-6328','PPL18595','CPL3247','IR55591','MER306',190),('507-31-4402','PPL11648','CPL4593','IR96913','MER282',636),('526-30-8565','PPL19852','CPL4935','IR62076','MER790',21),('536-57-8719','PPL17464','CPL2708','IR94123','MER572',190),('547-49-9426','PPL13998','CPL7152','IR54985','MER205',160),('550-09-8573','PPL13323','CPL5621','IR98253','MER673',551),('554-91-6965','PPL18844','CPL4795','IR78794','MER881',124),('559-92-6330','PPL19611','CPL1572','IR75026','MER313',124),('604-34-0302','PPL19173','CPL4625','IR81059','MER821',760),('635-23-4999','PPL16604','CPL3137','IR81520','MER534',176),('649-05-0363','PPL10076','CPL3663','IR80725','MER217',760),('649-65-4400','PPL15983','CPL8526','IR56715','MER487',781),('662-74-8191','PPL17827','CPL5651','IR80150','MER312',86),('684-09-6471','PPL17068','CPL4694','IR97452','MER789',105),('694-41-6772','PPL14005','CPL7099','IR93103','MER386',57),('733-63-4869','PPL19197','CPL7594','IR80162','MER270',999),('750-75-6553','PPL12362','CPL4993','IR82579','MER960',996),('754-17-4298','PPL13241','CPL7578','IR75167','MER552',465),('756-19-8819','PPL19692','CPL9519','IR91662','MER496',6),('758-79-8298','PPL12289','CPL9774','IR72029','MER577',960),('761-54-5987','PPL11570','CPL2961','IR63601','MER896',733),('768-51-5356','PPL10357','CPL2217','IR61057','MER606',82),('770-36-3684','PPL16347','CPL3901','IR97792','MER750',607),('810-55-2887','PPL14038','CPL9767','IR88661','MER204',57),('823-15-9621','PPL15759','CPL3202','IR82420','MER166',615),('830-67-9885','PPL10838','CPL9883','IR95575','MER255',104),('849-53-0906','PPL19537','CPL5120','IR55524','MER337',936),('897-12-7247','PPL19470','CPL6026','IR55246','MER654',623);
/*!40000 ALTER TABLE `pilot` ENABLE KEYS */;
UNLOCK TABLES;

--
-- Table structure for table `technician`
--

DROP TABLE IF EXISTS `technician`;
/*!40101 SET @saved_cs_client     = @@character_set_client */;
/*!40101 SET character_set_client = utf8 */;
CREATE TABLE `technician` (
  `AME_License` varchar(13) NOT NULL,
  `SSN` varchar(11) NOT NULL,
  PRIMARY KEY (`SSN`),
  CONSTRAINT `fk SSN Tech` FOREIGN KEY (`SSN`) REFERENCES `employee` (`SSN`) ON DELETE CASCADE
) ENGINE=InnoDB DEFAULT CHARSET=latin1;
/*!40101 SET character_set_client = @saved_cs_client */;

--
-- Dumping data for table `technician`
--

LOCK TABLES `technician` WRITE;
/*!40000 ALTER TABLE `technician` DISABLE KEYS */;
INSERT INTO `technician` VALUES ('B1.1_88780596','105-78-8987'),('B2_75321579','107-17-0353'),('A2_49695455','115-09-5359'),('A2_12430913','133-55-5111'),('B2_16543378','136-32-6368'),('B1.2_72175685','139-42-0774'),('B2_30911063','139-58-9910'),('A2_50066149','146-78-3306'),('B1.2_15381054','150-09-8632'),('A1_84634225','150-37-8765'),('B1.1_53533973','154-64-2997'),('B2_25349227','180-30-3849'),('B1.2_10031212','196-08-5313'),('B1.1_14101905','201-42-9311'),('A2_39918877','203-42-2241'),('B1.2_18044069','204-59-1428'),('A1_15771151','207-74-1212'),('B2_39231994','226-21-1762'),('A1_71259443','236-95-7160'),('A2_74503158','238-02-1709'),('B2_41654751','244-35-3747'),('A1_24933873','268-63-8026'),('A2_84236475','276-33-7298'),('A1_71675414','281-88-8458'),('B1.2_83649823','282-95-5679'),('B1.2_57308520','296-27-9615'),('B1.2_84066224','301-02-0835'),('A2_48817460','308-15-3731'),('A1_86762880','322-71-3677'),('A1_99555696','330-19-9972'),('A1_28820640','366-69-8224'),('A1_38519438','367-76-3213'),('B1.1_61351832','372-66-7229'),('B1.1_77519102','382-66-9302'),('B2_21823387','399-94-8469'),('B2_48558725','400-19-4351'),('A2_57722663','410-67-0638'),('B1.2_64715768','413-04-9192'),('B2_83762906','421-19-5404'),('B1.1_73575636','433-73-8089'),('B2_71293196','436-57-9422'),('B1.1_10864762','471-92-4974'),('B2_95922464','483-38-5377'),('A1_54412013','496-56-3201'),('B2_48358386','506-14-1487'),('B1.2_77299358','524-33-1667'),('B1.1_63763084','535-71-5350'),('B2_45894769','570-88-7157'),('A1_82330337','572-29-7984'),('B1.1_15130733','574-93-7594'),('B1.1_59555049','602-76-2469'),('B1.1_39592023','612-44-9751'),('A1_65127883','622-04-2246'),('A1_94927638','623-66-3065'),('A2_49995402','629-10-9458'),('B1.2_28733041','645-42-7251'),('B1.2_73980442','690-49-9455'),('B1.2_42027429','698-25-5963'),('A2_36352686','698-86-5846'),('B2_95684058','720-43-7078'),('B1.2_14330690','737-33-2938'),('B2_66475072','748-22-8977'),('A1_67914883','758-61-5317'),('A2_90755071','760-31-7020'),('A2_13854362','760-44-3613'),('B2_60344183','768-04-9489'),('A2_44173294','804-09-0852'),('B1.2_23049924','805-62-6194'),('B2_75860959','808-53-2805'),('B2_46206186','824-29-9716'),('B1.1_68697234','831-51-0878'),('B2_20229431','832-64-1893'),('A2_82030967','832-78-3334'),('B2_70297291','847-03-8896'),('A1_42956832','863-12-1981'),('B1.1_41662749','866-43-2227'),('A2_61229357','867-96-1890'),('B1.1_35027936','883-05-1743'),('B1.2_24434035','888-59-8210'),('B1.1_64299695','890-60-9684');
/*!40000 ALTER TABLE `technician` ENABLE KEYS */;
UNLOCK TABLES;

--
-- Table structure for table `ticket`
--

DROP TABLE IF EXISTS `ticket`;
/*!40101 SET @saved_cs_client     = @@character_set_client */;
/*!40101 SET character_set_client = utf8 */;
CREATE TABLE `ticket` (
  `ticket_id` varchar(10) NOT NULL,
  `class` varchar(10) NOT NULL,
  `gate` int(11) NOT NULL,
  `seat` varchar(3) NOT NULL,
  `boarding_time` datetime NOT NULL,
  `id_card_number` varchar(11) NOT NULL,
  `flight_id` varchar(7) NOT NULL,
  PRIMARY KEY (`ticket_id`),
  KEY `fk CustTicket` (`id_card_number`),
  KEY `fk FligTicket` (`flight_id`),
  CONSTRAINT `fk CustTicket` FOREIGN KEY (`id_card_number`) REFERENCES `customer` (`id_card_number`) ON DELETE CASCADE,
  CONSTRAINT `fk FligTicket` FOREIGN KEY (`flight_id`) REFERENCES `flight` (`flight_id`) ON DELETE CASCADE
) ENGINE=InnoDB DEFAULT CHARSET=latin1;
/*!40101 SET character_set_client = @saved_cs_client */;

--
-- Dumping data for table `ticket`
--

LOCK TABLES `ticket` WRITE;
/*!40000 ALTER TABLE `ticket` DISABLE KEYS */;
INSERT INTO `ticket` VALUES ('104-4488E','Bisnis',2,'8E','2021-11-03 01:00:00','220-27-3648','104-448'),('105-38211B','Ekonomi',2,'11B','2021-11-03 18:00:00','793-20-1668','105-382'),('112-2216D','Ekonomi',5,'6D','2021-11-02 00:00:00','532-17-6041','112-221'),('114-22917C','Ekonomi',1,'17C','2021-11-03 04:00:00','431-72-6090','114-229'),('120-1268B','Kelas Satu',5,'8B','2021-11-02 14:00:00','829-14-3656','120-126'),('124-0112D','Kelas Satu',3,'2D','2021-11-01 00:00:00','779-63-3136','124-011'),('125-22822C','Bisnis',5,'22C','2021-11-02 19:00:00','820-52-1534','125-228'),('126-0026A','Kelas Satu',5,'6A','2021-11-03 18:00:00','214-64-3183','126-002'),('128-1199C','Ekonomi',2,'9C','2021-11-04 04:00:00','554-41-4143','128-119'),('129-2122D','Bisnis',2,'2D','2021-11-05 12:00:00','576-52-8973','129-212'),('131-9724C','Bisnis',1,'4C','2021-11-04 04:00:00','236-82-4543','131-972'),('133-10010C','Ekonomi',1,'10C','2021-11-04 10:20:00','193-07-9993','133-100'),('14-28715E','Bisnis',2,'15E','2021-11-01 13:00:00','431-09-9693','14-287'),('140-00720C','Bisnis',3,'20C','2021-11-05 12:00:00','420-80-0359','140-007'),('145-1125C','Kelas Satu',3,'5C','2021-11-05 12:00:00','253-25-7587','145-112'),('146-2091F','Bisnis',2,'1F','2021-11-02 00:00:00','477-19-5157','146-209'),('148-19318B','Kelas Satu',3,'18B','2021-11-05 11:00:00','348-93-3420','148-193'),('149-11814A','Bisnis',3,'14A','2021-11-05 11:00:00','606-34-1385','149-118'),('151-16224D','Kelas Satu',5,'24D','2021-11-04 04:00:00','399-73-1002','151-162'),('155-1196F','Bisnis',1,'6F','2021-11-02 02:00:00','503-46-9886','155-119'),('160-00212A','Bisnis',2,'12A','2021-11-02 00:00:00','853-16-8986','160-002'),('169-00211A','Kelas Satu',2,'11A','2021-11-03 18:00:00','469-51-2102','169-002'),('173-2191C','Ekonomi',3,'1C','2021-11-03 18:00:00','812-83-4275','173-219'),('176-1111C','Ekonomi',4,'1C','2021-11-03 05:00:00','629-65-3903','176-111'),('18-88211C','Bisnis',1,'11C','2021-11-04 00:00:00','842-48-6236','18-882'),('180-90022C','Kelas Satu',1,'22C','2021-11-04 10:20:00','200-66-9188','180-900'),('186-92721C','Bisnis',1,'21C','2021-11-02 00:00:00','446-40-5489','186-927'),('190-2021F','Ekonomi',3,'1F','2021-11-01 11:00:00','192-72-1816','190-202'),('191-0587C','Bisnis',5,'7C','2021-11-06 15:00:00','535-44-9854','191-058'),('20-19720E','Kelas Satu',1,'20E','2021-11-05 11:00:00','266-09-9643','20-197'),('21-11013C','Ekonomi',2,'13C','2021-11-02 00:00:00','694-99-9822','21-110'),('216-9998E','Ekonomi',3,'8E','2021-11-05 11:00:00','399-37-1095','216-999'),('220-9922D','Bisnis',3,'2D','2021-11-05 11:00:00','150-32-5967','220-992'),('229-1103E','Bisnis',1,'3E','2021-11-04 10:20:00','348-35-3355','229-110'),('23-33921B','Ekonomi',3,'21B','2021-11-03 01:00:00','872-93-0387','23-339'),('232-1161F','Kelas Satu',5,'1F','2021-11-05 11:00:00','429-59-8258','232-116'),('239-20812E','Bisnis',5,'12E','2021-11-02 10:00:00','336-05-6690','239-208'),('246-1108B','Kelas Satu',3,'8B','2021-11-03 18:00:00','820-39-7883','246-110'),('2554F','Kelas Satu',5,'4F','2021-11-03 18:00:00','763-19-6207','255'),('258-1977E','Bisnis',3,'7E','2021-11-02 02:00:00','670-13-4768','258-197'),('260-5584E','Kelas Satu',1,'4E','2021-11-03 01:00:00','167-49-1212','260-558'),('267-01614A','Ekonomi',3,'14A','2021-11-03 18:00:00','886-15-5413','267-016'),('276-18218F','Ekonomi',3,'18F','2021-11-05 11:00:00','473-41-1964','276-182'),('279-1197E','Bisnis',2,'7E','2021-11-04 04:00:00','177-99-3518','279-119'),('289-0088C','Kelas Satu',4,'8C','2021-11-06 15:00:00','114-06-2255','289-008'),('297-11922A','Ekonomi',5,'22A','2021-11-02 00:00:00','784-48-2684','297-119'),('316-11816E','Bisnis',5,'16E','2021-11-04 00:00:00','541-92-3168','316-118'),('325-0279F','Bisnis',1,'9F','2021-11-06 15:00:00','651-32-2737','325-027'),('345-22110E','Bisnis',5,'10E','2021-11-04 04:00:00','196-81-4970','345-221'),('356-92711E','Kelas Satu',3,'11E','2021-11-06 15:00:00','103-03-1317','356-927'),('409-02916A','Kelas Satu',2,'16A','2021-11-06 15:00:00','391-35-4733','409-029'),('45-88219A','Ekonomi',1,'19A','2021-11-05 12:00:00','476-63-6851','45-882'),('462-00922E','Kelas Satu',3,'22E','2021-11-05 12:00:00','896-27-1262','462-009'),('465-22223D','Kelas Satu',3,'23D','2021-11-01 02:00:00','171-17-8658','465-222'),('469-19817B','Kelas Satu',4,'17B','2021-11-05 12:00:00','552-23-5840','469-198'),('477-09215D','Kelas Satu',5,'15D','2021-11-06 15:00:00','891-87-5196','477-092'),('477-12320C','Kelas Satu',1,'20C','2021-11-06 15:00:00','696-25-6510','477-123'),('486-92610B','Ekonomi',5,'10B','2021-11-04 04:00:00','869-52-8900','486-926'),('514-11213E','Kelas Satu',5,'13E','2021-11-01 00:00:00','247-03-8650','514-112'),('537-20813B','Ekonomi',1,'13B','2021-11-05 11:00:00','760-70-0292','537-208'),('544-21917B','Ekonomi',1,'17B','2021-11-05 12:00:00','777-26-2977','544-219'),('551-3727A','Bisnis',4,'7A','2021-11-03 01:00:00','123-63-5299','551-372'),('57-26222D','Bisnis',1,'22D','2021-11-02 18:00:00','397-75-6369','57-262'),('572-2762F','Bisnis',1,'2F','2021-11-02 21:00:00','742-09-3274','572-276'),('589-2184F','Ekonomi',2,'4F','2021-11-04 04:00:00','618-75-6810','589-218'),('6-7777F','Kelas Satu',1,'7F','2021-11-02 00:00:00','348-59-9144','6-777'),('606-02811A','Kelas Satu',4,'11A','2021-11-03 18:00:00','345-12-2910','606-028'),('607-29220A','Kelas Satu',5,'20A','2021-11-03 01:00:00','644-20-1237','607-292'),('615-4498B','Kelas Satu',4,'8B','2021-11-03 01:00:00','457-15-9667','615-449'),('623-11022F','Ekonomi',4,'22F','2021-11-02 00:00:00','724-20-3281','623-110'),('636-2978B','Bisnis',5,'8B','2021-11-01 05:00:00','164-13-5902','636-297'),('643-18219D','Kelas Satu',4,'19D','2021-11-02 11:00:00','527-33-2199','643-182'),('657-7262E','Kelas Satu',1,'2E','2021-11-01 00:00:00','879-01-6861','657-726'),('675-18612D','Kelas Satu',2,'12D','2021-11-02 00:50:00','129-17-4337','675-186'),('68-2204C','Ekonomi',4,'4C','2021-11-04 10:20:00','842-53-2783','68-220'),('683-10219D','Ekonomi',2,'19D','2021-11-05 11:00:00','609-72-6219','683-102'),('695-03922D','Ekonomi',1,'22D','2021-11-03 01:00:00','490-47-6403','695-039'),('705-00111C','Kelas Satu',3,'11C','2021-11-04 04:00:00','531-48-4855','705-001'),('706-8278B','Ekonomi',3,'8B','2021-11-04 10:20:00','226-73-7280','706-827'),('71-2227D','Bisnis',5,'7D','2021-11-03 01:00:00','441-95-6395','71-222'),('72-1198C','Ekonomi',4,'8C','2021-11-03 18:00:00','673-38-7156','72-119'),('733-10922E','Bisnis',1,'22E','2021-11-03 03:00:00','516-50-9881','733-109'),('74-12012E','Ekonomi',2,'12E','2021-11-04 10:20:00','753-75-1307','74-120'),('745-71820F','Ekonomi',3,'20F','2021-11-01 00:00:00','833-14-9146','745-718'),('76-37220E','Kelas Satu',5,'20E','2021-11-06 15:00:00','721-72-7607','76-372'),('760-72611E','Ekonomi',2,'11E','2021-11-01 01:00:00','524-65-2605','760-726'),('780-29110F','Kelas Satu',2,'10F','2021-11-04 10:20:00','729-83-4432','780-291'),('781-92214E','Ekonomi',2,'14E','2021-11-02 00:00:00','502-14-4025','781-922'),('80-22221A','Bisnis',1,'21A','2021-11-05 11:00:00','524-08-4285','80-222'),('82-29115B','Bisnis',3,'15B','2021-11-02 00:00:00','392-48-7714','82-291'),('849-2018D','Kelas Satu',4,'8D','2021-11-04 04:00:00','724-93-9062','849-201'),('851-1123E','Kelas Satu',2,'3E','2021-11-04 04:00:00','100-73-0876','851-112'),('86-1927B','Bisnis',5,'7B','2021-11-02 00:00:00','400-99-8684','86-192'),('865-2369B','Bisnis',3,'9B','2021-11-05 12:00:00','309-70-4398','865-236'),('880-28117F','Kelas Satu',4,'17F','2021-11-03 18:00:00','113-72-1542','880-281'),('936-2117E','Ekonomi',4,'7E','2021-11-02 01:00:00','144-57-4714','936-211'),('960-22219E','Bisnis',4,'19E','2021-11-03 06:00:00','507-86-3407','960-222'),('98-22915D','Ekonomi',2,'15D','2021-11-02 00:40:00','887-39-9830','98-229'),('996-11817D','Bisnis',1,'17D','2021-11-02 00:00:00','876-61-0909','996-118'),('999-22720B','Kelas Satu',3,'20B','2021-11-01 07:00:00','708-70-2966','999-227');
/*!40000 ALTER TABLE `ticket` ENABLE KEYS */;
UNLOCK TABLES;
/*!40103 SET TIME_ZONE=@OLD_TIME_ZONE */;

/*!40101 SET SQL_MODE=@OLD_SQL_MODE */;
/*!40014 SET FOREIGN_KEY_CHECKS=@OLD_FOREIGN_KEY_CHECKS */;
/*!40014 SET UNIQUE_CHECKS=@OLD_UNIQUE_CHECKS */;
/*!40101 SET CHARACTER_SET_CLIENT=@OLD_CHARACTER_SET_CLIENT */;
/*!40101 SET CHARACTER_SET_RESULTS=@OLD_CHARACTER_SET_RESULTS */;
/*!40101 SET COLLATION_CONNECTION=@OLD_COLLATION_CONNECTION */;
/*!40111 SET SQL_NOTES=@OLD_SQL_NOTES */;

-- Dump completed on 2021-11-12 22:17:21
